suite,profile,id,question,answer,citations,elapsed_ms,passed,http_status,error,score_scope
gold,AI-2566-coop,AI-2566-coop-1,หลักสูตร AI 2566 สหกิจ: วิชา 06046400 มีกี่หน่วยกิต,"AI-2566-coop: 06046400 แคลคูลัส 1 (CALCULUS 1), 3 หน่วยกิต, L-P-S 3-0-6 (ที่มา: AI.pdf หน้า 23)","[{""source_file"": ""AI.pdf"", ""pdf_page"": 23, ""printed_page"": null}]",609.58,True,200,,gold
gold,AI-2566-coop,AI-2566-coop-2,หลักสูตร AI 2566 สหกิจ: วิชา 06046402 มีกี่หน่วยกิต,"AI-2566-coop: 06046402 พีชคณิตเชิงเส้น (LINEAR ALGEBRA), 3 หน่วยกิต, L-P-S 3-0-6 (ที่มา: AI.pdf หน้า 23)","[{""source_file"": ""AI.pdf"", ""pdf_page"": 23, ""printed_page"": null}]",572.57,True,200,,gold
gold,AI-2566-coop,AI-2566-coop-3,หลักสูตร AI 2566 สหกิจ: วิชา 06066301 มีกี่หน่วยกิต,"AI-2566-coop: 06066301 โครงสร้างข้อมูลและอัลกอริทึม (DATA STRUCTURES AND ALGORITHMS), 3 หน่วยกิต, L-P-S 2-2-5 (ที่มา: AI.pdf หน้า 23)","[{""source_file"": ""AI.pdf"", ""pdf_page"": 23, ""printed_page"": null}]",566.52,True,200,,gold
gold,AI-2566-coop,AI-2566-coop-4,หลักสูตร AI 2566 สหกิจ: ปี 1 ภาคการศึกษาที่ 1 เรียนกี่หน่วยกิต,AI-2566-coop: 15 หน่วยกิต (ที่มา: AI.pdf หน้า 23),"[{""source_file"": ""AI.pdf"", ""pdf_page"": ""23"", ""printed_page"": null}]",598.74,True,200,,gold
gold,AI-2566-coop,AI-2566-coop-5,หลักสูตร AI 2566 สหกิจ: วิชา 09999999 มีรายละเอียดอะไร,ยังยืนยันข้อมูลที่ถามไม่ได้จากฐานข้อมูลที่ค้น: AI-2566-coop ข้อมูลที่นำเข้าอาจไม่ครบ จึงยังสรุปไม่ได้ว่ารายวิชาหรือเงื่อนไขนี้ไม่มีในเล่มหลักสูตร,[],603.78,True,200,,gold
gold,DSBA-2565-coop,DSBA-2565-coop-1,หลักสูตร DSBA 2565 สหกิจ: วิชา 06066302 มีวิชาบังคับก่อนอะไร,"DSBA-2565-coop: วิชา 06066302 — เอกสารระบุว่าไม่มีวิชาบังคับก่อน
ยังสรุปไม่ได้ว่าสามารถลงทะเบียนเมื่อยังไม่ผ่านวิชาบังคับก่อนได้หรือไม่ เพราะยังไม่มีหลักฐานข้อยกเว้นการลงทะเบียนที่ตรวจยืนยัน ต้องตรวจข้อบังคับหรือสอบถามฝ่ายทะเบียน","[{""source_file"": ""DSBA.pdf"", ""pdf_page"": 319, ""printed_page"": 318}]",583.2,True,200,,gold
gold,DSBA-2565-coop,DSBA-2565-coop-2,หลักสูตร DSBA 2565 สหกิจ: วิชา 06066303 มีกี่หน่วยกิต,"DSBA-2565-coop: 06066303 การแก้ปัญหาและโปรแกรมคอมพิวเตอร์ (PROBLEM SOLVING AND COMPUTER PROGRAMMING), 3 หน่วยกิต, L-P-S 2-2-5 (ที่มา: DSBA.pdf หน้า 30)","[{""source_file"": ""DSBA.pdf"", ""pdf_page"": 30, ""printed_page"": 29}]",547.49,True,200,,gold
gold,DSBA-2565-coop,DSBA-2565-coop-3,หลักสูตร DSBA 2565 สหกิจ: วิชา 06066301 มีวิชาบังคับก่อนอะไร,"DSBA-2565-coop: วิชา 06066301 — เอกสารระบุว่าไม่มีวิชาบังคับก่อน
ยังสรุปไม่ได้ว่าสามารถลงทะเบียนเมื่อยังไม่ผ่านวิชาบังคับก่อนได้หรือไม่ เพราะยังไม่มีหลักฐานข้อยกเว้นการลงทะเบียนที่ตรวจยืนยัน ต้องตรวจข้อบังคับหรือสอบถามฝ่ายทะเบียน","[{""source_file"": ""DSBA.pdf"", ""pdf_page"": 319, ""printed_page"": 318}]",583.99,True,200,,gold
gold,DSBA-2565-coop,DSBA-2565-coop-4,หลักสูตร DSBA 2565 สหกิจ: วิชา 06066302 มีวิชาบังคับก่อนอะไร ถ้ายังไม่ผ่านลงทะเบียนได้หรือไม่,"DSBA-2565-coop: วิชา 06066302 — เอกสารระบุว่าไม่มีวิชาบังคับก่อน
ยังสรุปไม่ได้ว่าสามารถลงทะเบียนเมื่อยังไม่ผ่านวิชาบังคับก่อนได้หรือไม่ เพราะยังไม่มีหลักฐานข้อยกเว้นการลงทะเบียนที่ตรวจยืนยัน ต้องตรวจข้อบังคับหรือสอบถามฝ่ายทะเบียน","[{""source_file"": ""DSBA.pdf"", ""pdf_page"": 319, ""printed_page"": 318}]",522.24,True,200,,gold
gold,DSBA-2565-coop,DSBA-2565-coop-5,หลักสูตร DSBA 2565 สหกิจ: วิชา 09999999 มีรายละเอียดอะไร,ยังยืนยันข้อมูลที่ถามไม่ได้จากฐานข้อมูลที่ค้น: DSBA-2565-coop ข้อมูลที่นำเข้าอาจไม่ครบ จึงยังสรุปไม่ได้ว่ารายวิชาหรือเงื่อนไขนี้ไม่มีในเล่มหลักสูตร,[],569.26,True,200,,gold
gold,DSBA-2565-no-coop,DSBA-2565-no-coop-1,หลักสูตร DSBA 2565 ไม่เข้าร่วมสหกิจ: วิชา 06066302 มีวิชาบังคับก่อนอะไร,"DSBA-2565-no-coop: วิชา 06066302 — เอกสารระบุว่าไม่มีวิชาบังคับก่อน
ยังสรุปไม่ได้ว่าสามารถลงทะเบียนเมื่อยังไม่ผ่านวิชาบังคับก่อนได้หรือไม่ เพราะยังไม่มีหลักฐานข้อยกเว้นการลงทะเบียนที่ตรวจยืนยัน ต้องตรวจข้อบังคับหรือสอบถามฝ่ายทะเบียน","[{""source_file"": ""DSBA.pdf"", ""pdf_page"": 319, ""printed_page"": 318}]",565.6,True,200,,gold
gold,DSBA-2565-no-coop,DSBA-2565-no-coop-2,หลักสูตร DSBA 2565 ไม่เข้าร่วมสหกิจ: วิชา 06066303 มีกี่หน่วยกิต,"DSBA-2565-no-coop: 06066303 การแก้ปัญหาและโปรแกรมคอมพิวเตอร์ (PROBLEM SOLVING AND COMPUTER PROGRAMMING), 3 หน่วยกิต, L-P-S 2-2-5 (ที่มา: DSBA.pdf หน้า 23)","[{""source_file"": ""DSBA.pdf"", ""pdf_page"": 23, ""printed_page"": 22}]",589.38,True,200,,gold
gold,DSBA-2565-no-coop,DSBA-2565-no-coop-3,หลักสูตร DSBA 2565 ไม่เข้าร่วมสหกิจ: วิชา 06066301 มีวิชาบังคับก่อนอะไร,"DSBA-2565-no-coop: วิชา 06066301 — เอกสารระบุว่าไม่มีวิชาบังคับก่อน
ยังสรุปไม่ได้ว่าสามารถลงทะเบียนเมื่อยังไม่ผ่านวิชาบังคับก่อนได้หรือไม่ เพราะยังไม่มีหลักฐานข้อยกเว้นการลงทะเบียนที่ตรวจยืนยัน ต้องตรวจข้อบังคับหรือสอบถามฝ่ายทะเบียน","[{""source_file"": ""DSBA.pdf"", ""pdf_page"": 319, ""printed_page"": 318}]",572.75,True,200,,gold
gold,DSBA-2565-no-coop,DSBA-2565-no-coop-4,หลักสูตร DSBA 2565 ไม่เข้าร่วมสหกิจ: วิชา 06066302 มีวิชาบังคับก่อนอะไร ถ้ายังไม่ผ่านลงทะเบียนได้หรือไม่,"DSBA-2565-no-coop: วิชา 06066302 — เอกสารระบุว่าไม่มีวิชาบังคับก่อน
ยังสรุปไม่ได้ว่าสามารถลงทะเบียนเมื่อยังไม่ผ่านวิชาบังคับก่อนได้หรือไม่ เพราะยังไม่มีหลักฐานข้อยกเว้นการลงทะเบียนที่ตรวจยืนยัน ต้องตรวจข้อบังคับหรือสอบถามฝ่ายทะเบียน","[{""source_file"": ""DSBA.pdf"", ""pdf_page"": 319, ""printed_page"": 318}]",584.89,True,200,,gold
gold,DSBA-2565-no-coop,DSBA-2565-no-coop-5,หลักสูตร DSBA 2565 ไม่เข้าร่วมสหกิจ: วิชา 09999999 มีรายละเอียดอะไร,ยังยืนยันข้อมูลที่ถามไม่ได้จากฐานข้อมูลที่ค้น: DSBA-2565-no-coop ข้อมูลที่นำเข้าอาจไม่ครบ จึงยังสรุปไม่ได้ว่ารายวิชาหรือเงื่อนไขนี้ไม่มีในเล่มหลักสูตร,[],873.05,True,200,,gold
gold,IT-2565-coop,IT-2565-coop-1,หลักสูตร IT 2565 สหกิจ: วิชา 06066302 มีวิชาบังคับก่อนอะไร,"IT-2565-coop: วิชา 06066302 — เอกสารระบุว่าไม่มีวิชาบังคับก่อน
ยังสรุปไม่ได้ว่าสามารถลงทะเบียนเมื่อยังไม่ผ่านวิชาบังคับก่อนได้หรือไม่ เพราะยังไม่มีหลักฐานข้อยกเว้นการลงทะเบียนที่ตรวจยืนยัน ต้องตรวจข้อบังคับหรือสอบถามฝ่ายทะเบียน","[{""source_file"": ""IT.pdf"", ""pdf_page"": 359, ""printed_page"": 358}]",1128.92,True,200,,gold
gold,IT-2565-coop,IT-2565-coop-2,หลักสูตร IT 2565 สหกิจ: วิชา 06066303 มีกี่หน่วยกิต,"IT-2565-coop: 06066303 การแก้ปัญหาและการโปรแกรมคอมพิวเตอร์ (PROBLEM SOLVING AND COMPUTER PROGRAMMING), 3 หน่วยกิต, L-P-S 2-2-5 (ที่มา: IT.pdf หน้า 38)","[{""source_file"": ""IT.pdf"", ""pdf_page"": 38, ""printed_page"": null}]",1219.02,True,200,,gold
gold,IT-2565-coop,IT-2565-coop-3,หลักสูตร IT 2565 สหกิจ: วิชา 06066301 มีวิชาบังคับก่อนอะไร,"IT-2565-coop: วิชา 06066301 — เอกสารระบุว่าไม่มีวิชาบังคับก่อน
ยังสรุปไม่ได้ว่าสามารถลงทะเบียนเมื่อยังไม่ผ่านวิชาบังคับก่อนได้หรือไม่ เพราะยังไม่มีหลักฐานข้อยกเว้นการลงทะเบียนที่ตรวจยืนยัน ต้องตรวจข้อบังคับหรือสอบถามฝ่ายทะเบียน","[{""source_file"": ""IT.pdf"", ""pdf_page"": 359, ""printed_page"": 358}]",1231.44,True,200,,gold
gold,IT-2565-coop,IT-2565-coop-4,หลักสูตร IT 2565 สหกิจ: วิชา 06066302 มีวิชาบังคับก่อนอะไร ถ้ายังไม่ผ่านลงทะเบียนได้หรือไม่,"IT-2565-coop: วิชา 06066302 — เอกสารระบุว่าไม่มีวิชาบังคับก่อน
ยังสรุปไม่ได้ว่าสามารถลงทะเบียนเมื่อยังไม่ผ่านวิชาบังคับก่อนได้หรือไม่ เพราะยังไม่มีหลักฐานข้อยกเว้นการลงทะเบียนที่ตรวจยืนยัน ต้องตรวจข้อบังคับหรือสอบถามฝ่ายทะเบียน","[{""source_file"": ""IT.pdf"", ""pdf_page"": 359, ""printed_page"": 358}]",714.8,True,200,,gold
gold,IT-2565-coop,IT-2565-coop-5,หลักสูตร IT 2565 สหกิจ: วิชา 09999999 มีรายละเอียดอะไร,ยังยืนยันข้อมูลที่ถามไม่ได้จากฐานข้อมูลที่ค้น: IT-2565-coop ข้อมูลที่นำเข้าอาจไม่ครบ จึงยังสรุปไม่ได้ว่ารายวิชาหรือเงื่อนไขนี้ไม่มีในเล่มหลักสูตร,[],1260.85,True,200,,gold
gold,IT-2565-no-coop,IT-2565-no-coop-1,หลักสูตร IT 2565 ไม่เข้าร่วมสหกิจ: วิชา 06066302 มีวิชาบังคับก่อนอะไร,"IT-2565-no-coop: วิชา 06066302 — เอกสารระบุว่าไม่มีวิชาบังคับก่อน
ยังสรุปไม่ได้ว่าสามารถลงทะเบียนเมื่อยังไม่ผ่านวิชาบังคับก่อนได้หรือไม่ เพราะยังไม่มีหลักฐานข้อยกเว้นการลงทะเบียนที่ตรวจยืนยัน ต้องตรวจข้อบังคับหรือสอบถามฝ่ายทะเบียน","[{""source_file"": ""IT.pdf"", ""pdf_page"": 359, ""printed_page"": 358}]",1045.16,True,200,,gold
gold,IT-2565-no-coop,IT-2565-no-coop-2,หลักสูตร IT 2565 ไม่เข้าร่วมสหกิจ: วิชา 06066303 มีกี่หน่วยกิต,"IT-2565-no-coop: 06066303 การแก้ปัญหาและการโปรแกรมคอมพิวเตอร์ (PROBLEM SOLVING AND COMPUTER PROGRAMMING), 3 หน่วยกิต, L-P-S 2-2-5 (ที่มา: IT.pdf หน้า 31)","[{""source_file"": ""IT.pdf"", ""pdf_page"": 31, ""printed_page"": null}]",1017.08,True,200,,gold
gold,IT-2565-no-coop,IT-2565-no-coop-3,หลักสูตร IT 2565 ไม่เข้าร่วมสหกิจ: วิชา 06066301 มีวิชาบังคับก่อนอะไร,"IT-2565-no-coop: วิชา 06066301 — เอกสารระบุว่าไม่มีวิชาบังคับก่อน
ยังสรุปไม่ได้ว่าสามารถลงทะเบียนเมื่อยังไม่ผ่านวิชาบังคับก่อนได้หรือไม่ เพราะยังไม่มีหลักฐานข้อยกเว้นการลงทะเบียนที่ตรวจยืนยัน ต้องตรวจข้อบังคับหรือสอบถามฝ่ายทะเบียน","[{""source_file"": ""IT.pdf"", ""pdf_page"": 359, ""printed_page"": 358}]",604.26,True,200,,gold
gold,IT-2565-no-coop,IT-2565-no-coop-4,หลักสูตร IT 2565 ไม่เข้าร่วมสหกิจ: วิชา 06066302 มีวิชาบังคับก่อนอะไร ถ้ายังไม่ผ่านลงทะเบียนได้หรือไม่,"IT-2565-no-coop: วิชา 06066302 — เอกสารระบุว่าไม่มีวิชาบังคับก่อน
ยังสรุปไม่ได้ว่าสามารถลงทะเบียนเมื่อยังไม่ผ่านวิชาบังคับก่อนได้หรือไม่ เพราะยังไม่มีหลักฐานข้อยกเว้นการลงทะเบียนที่ตรวจยืนยัน ต้องตรวจข้อบังคับหรือสอบถามฝ่ายทะเบียน","[{""source_file"": ""IT.pdf"", ""pdf_page"": 359, ""printed_page"": 358}]",987.44,True,200,,gold
gold,IT-2565-no-coop,IT-2565-no-coop-5,หลักสูตร IT 2565 ไม่เข้าร่วมสหกิจ: วิชา 09999999 มีรายละเอียดอะไร,ยังยืนยันข้อมูลที่ถามไม่ได้จากฐานข้อมูลที่ค้น: IT-2565-no-coop ข้อมูลที่นำเข้าอาจไม่ครบ จึงยังสรุปไม่ได้ว่ารายวิชาหรือเงื่อนไขนี้ไม่มีในเล่มหลักสูตร,[],1046.59,True,200,,gold
gold,DSBA-2560-coop,DSBA-2560-coop-1,หลักสูตร DSBA 2560 สหกิจ: วิชา 06026100 มีกี่หน่วยกิต,"DSBA-2560-coop: 06026100 พื้นฐานทางด้านเทคโนโลยีสารสนเทศ (INFORMATION TECHNOLOGY FUNDAMENTALS), 3 หน่วยกิต, L-P-S 2-2-5 (ที่มา: DSBA-60.pdf หน้า 30)","[{""source_file"": ""DSBA-60.pdf"", ""pdf_page"": 30, ""printed_page"": 25}]",1101.47,True,200,,gold
gold,DSBA-2560-coop,DSBA-2560-coop-2,หลักสูตร DSBA 2560 สหกิจ: วิชา 06026104 มีกี่หน่วยกิต,"DSBA-2560-coop: 06026104 การสร้างโปรแกรมคอมพิวเตอร์ (COMPUTER PROGRAMMING), 3 หน่วยกิต, L-P-S 2-2-5 (ที่มา: DSBA-60.pdf หน้า 30)","[{""source_file"": ""DSBA-60.pdf"", ""pdf_page"": 30, ""printed_page"": 25}]",1127.45,True,200,,gold
gold,DSBA-2560-coop,DSBA-2560-coop-3,หลักสูตร DSBA 2560 สหกิจ: วิชา 06026113 มีวิชาบังคับก่อนอะไร,"DSBA-2560-coop: วิชา 06026113 — วิชาบังคับก่อนที่ระบุคือ 06026104
ยังสรุปไม่ได้ว่าสามารถลงทะเบียนเมื่อยังไม่ผ่านวิชาบังคับก่อนได้หรือไม่ เพราะยังไม่มีหลักฐานข้อยกเว้นการลงทะเบียนที่ตรวจยืนยัน ต้องตรวจข้อบังคับหรือสอบถามฝ่ายทะเบียน","[{""source_file"": ""DSBA-60.pdf"", ""pdf_page"": 182, ""printed_page"": 177}]",1292.14,True,200,,gold
gold,DSBA-2560-coop,DSBA-2560-coop-4,หลักสูตร DSBA 2560 สหกิจ: วิชา 06026114 มีกี่หน่วยกิต,"DSBA-2560-coop: 06026114 กระบวนการธุรกิจและการวางแผนทรัพยากรองค์กร (BUSINESS PROCESSES AND ENTERPRISE RESOURCE PLANNING), 3 หน่วยกิต, L-P-S 2-2-5 (ที่มา: DSBA-60.pdf หน้า 32)","[{""source_file"": ""DSBA-60.pdf"", ""pdf_page"": 32, ""printed_page"": 27}]",1198.6,True,200,,gold
gold,DSBA-2560-coop,DSBA-2560-coop-5,หลักสูตร DSBA 2560 สหกิจ: วิชา 09999999 มีรายละเอียดอะไร,ยังยืนยันข้อมูลที่ถามไม่ได้จากฐานข้อมูลที่ค้น: DSBA-2560-coop ข้อมูลที่นำเข้าอาจไม่ครบ จึงยังสรุปไม่ได้ว่ารายวิชาหรือเงื่อนไขนี้ไม่มีในเล่มหลักสูตร,[],1224.46,True,200,,gold
gold,DSBA-2560-no-coop,DSBA-2560-no-coop-1,หลักสูตร DSBA 2560 ไม่เข้าร่วมสหกิจ: วิชา 06026100 มีกี่หน่วยกิต,"DSBA-2560-no-coop: 06026100 พื้นฐานทางด้านเทคโนโลยีสารสนเทศ (INFORMATION TECHNOLOGY FUNDAMENTALS), 3 หน่วยกิต, L-P-S 2-2-5 (ที่มา: DSBA-60.pdf หน้า 25)","[{""source_file"": ""DSBA-60.pdf"", ""pdf_page"": 25, ""printed_page"": 20}]",1188.24,True,200,,gold
gold,DSBA-2560-no-coop,DSBA-2560-no-coop-2,หลักสูตร DSBA 2560 ไม่เข้าร่วมสหกิจ: วิชา 06026104 มีกี่หน่วยกิต,"DSBA-2560-no-coop: 06026104 การสร้างโปรแกรมคอมพิวเตอร์ (COMPUTER PROGRAMMING), 3 หน่วยกิต, L-P-S 2-2-5 (ที่มา: DSBA-60.pdf หน้า 25)","[{""source_file"": ""DSBA-60.pdf"", ""pdf_page"": 25, ""printed_page"": 20}]",1140.02,True,200,,gold
gold,DSBA-2560-no-coop,DSBA-2560-no-coop-3,หลักสูตร DSBA 2560 ไม่เข้าร่วมสหกิจ: วิชา 06026113 มีวิชาบังคับก่อนอะไร,"DSBA-2560-no-coop: วิชา 06026113 — วิชาบังคับก่อนที่ระบุคือ 06026104
ยังสรุปไม่ได้ว่าสามารถลงทะเบียนเมื่อยังไม่ผ่านวิชาบังคับก่อนได้หรือไม่ เพราะยังไม่มีหลักฐานข้อยกเว้นการลงทะเบียนที่ตรวจยืนยัน ต้องตรวจข้อบังคับหรือสอบถามฝ่ายทะเบียน","[{""source_file"": ""DSBA-60.pdf"", ""pdf_page"": 182, ""printed_page"": 177}]",1233.17,True,200,,gold
gold,DSBA-2560-no-coop,DSBA-2560-no-coop-4,หลักสูตร DSBA 2560 ไม่เข้าร่วมสหกิจ: วิชา 06026114 มีกี่หน่วยกิต,"DSBA-2560-no-coop: 06026114 กระบวนการธุรกิจและการวางแผนทรัพยากรองค์กร (BUSINESS PROCESSES AND ENTERPRISE RESOURCE PLANNING), 3 หน่วยกิต, L-P-S 2-2-5 (ที่มา: DSBA-60.pdf หน้า 27)","[{""source_file"": ""DSBA-60.pdf"", ""pdf_page"": 27, ""printed_page"": 22}]",1229.11,True,200,,gold
gold,DSBA-2560-no-coop,DSBA-2560-no-coop-5,หลักสูตร DSBA 2560 ไม่เข้าร่วมสหกิจ: วิชา 09999999 มีรายละเอียดอะไร,ยังยืนยันข้อมูลที่ถามไม่ได้จากฐานข้อมูลที่ค้น: DSBA-2560-no-coop ข้อมูลที่นำเข้าอาจไม่ครบ จึงยังสรุปไม่ได้ว่ารายวิชาหรือเงื่อนไขนี้ไม่มีในเล่มหลักสูตร,[],1339.51,True,200,,gold
gold,IT-2560-coop,IT-2560-coop-1,หลักสูตร IT 2560 สหกิจ: วิชา 06016323 มีกี่หน่วยกิต,"IT-2560-coop: 06016323 การโปรแกรมอุปกรณ์เคลื่อนที่ (MOBILE DEVICE PROGRAMMING), 3 หน่วยกิต, L-P-S 2-2-5 (ที่มา: IT-60.pdf หน้า 37)","[{""source_file"": ""IT-60.pdf"", ""pdf_page"": 37, ""printed_page"": 32}]",830.84,True,200,,gold
gold,IT-2560-coop,IT-2560-coop-2,หลักสูตร IT 2560 สหกิจ: วิชา 06016323 ชื่อวิชาอะไร,"IT-2560-coop: 06016323 การโปรแกรมอุปกรณ์เคลื่อนที่ (MOBILE DEVICE PROGRAMMING), 3 หน่วยกิต, L-P-S 2-2-5 (ที่มา: IT-60.pdf หน้า 37)","[{""source_file"": ""IT-60.pdf"", ""pdf_page"": 37, ""printed_page"": 32}]",951.99,True,200,,gold
gold,IT-2560-coop,IT-2560-coop-3,หลักสูตร IT 2560 สหกิจ: วิชา 06016323 มีวิชาบังคับก่อนอะไร,"IT-2560-coop: วิชา 06016323 — วิชาบังคับก่อนที่ระบุคือ 06016317
ยังสรุปไม่ได้ว่าสามารถลงทะเบียนเมื่อยังไม่ผ่านวิชาบังคับก่อนได้หรือไม่ เพราะยังไม่มีหลักฐานข้อยกเว้นการลงทะเบียนที่ตรวจยืนยัน ต้องตรวจข้อบังคับหรือสอบถามฝ่ายทะเบียน","[{""source_file"": ""IT-60.pdf"", ""pdf_page"": 233, ""printed_page"": 228}]",970.19,True,200,,gold
gold,IT-2560-coop,IT-2560-coop-4,หลักสูตร IT 2560 สหกิจ: วิชา 06016323 มีวิชาบังคับก่อนอะไร ถ้ายังไม่ผ่านลงทะเบียนได้หรือไม่,"IT-2560-coop: วิชา 06016323 — วิชาบังคับก่อนที่ระบุคือ 06016317
ยังสรุปไม่ได้ว่าสามารถลงทะเบียนเมื่อยังไม่ผ่านวิชาบังคับก่อนได้หรือไม่ เพราะยังไม่มีหลักฐานข้อยกเว้นการลงทะเบียนที่ตรวจยืนยัน ต้องตรวจข้อบังคับหรือสอบถามฝ่ายทะเบียน","[{""source_file"": ""IT-60.pdf"", ""pdf_page"": 233, ""printed_page"": 228}]",1077.89,True,200,,gold
gold,IT-2560-coop,IT-2560-coop-5,หลักสูตร IT 2560 สหกิจ: วิชา 09999999 มีรายละเอียดอะไร,ยังยืนยันข้อมูลที่ถามไม่ได้จากฐานข้อมูลที่ค้น: IT-2560-coop ข้อมูลที่นำเข้าอาจไม่ครบ จึงยังสรุปไม่ได้ว่ารายวิชาหรือเงื่อนไขนี้ไม่มีในเล่มหลักสูตร,[],587.71,True,200,,gold
gold,IT-2560-no-coop,IT-2560-no-coop-1,หลักสูตร IT 2560 ไม่เข้าร่วมสหกิจ: วิชา 06016323 มีกี่หน่วยกิต,"IT-2560-no-coop: 06016323 การโปรแกรมอุปกรณ์เคลื่อนที่ (MOBILE DEVICE PROGRAMMING), 3 หน่วยกิต, L-P-S 2-2-5 (ที่มา: IT-60.pdf หน้า 30)","[{""source_file"": ""IT-60.pdf"", ""pdf_page"": 30, ""printed_page"": 25}]",850.55,True,200,,gold
gold,IT-2560-no-coop,IT-2560-no-coop-2,หลักสูตร IT 2560 ไม่เข้าร่วมสหกิจ: วิชา 06016323 ชื่อวิชาอะไร,"IT-2560-no-coop: 06016323 การโปรแกรมอุปกรณ์เคลื่อนที่ (MOBILE DEVICE PROGRAMMING), 3 หน่วยกิต, L-P-S 2-2-5 (ที่มา: IT-60.pdf หน้า 30)","[{""source_file"": ""IT-60.pdf"", ""pdf_page"": 30, ""printed_page"": 25}]",626.27,True,200,,gold
gold,IT-2560-no-coop,IT-2560-no-coop-3,หลักสูตร IT 2560 ไม่เข้าร่วมสหกิจ: วิชา 06016323 มีวิชาบังคับก่อนอะไร,"IT-2560-no-coop: วิชา 06016323 — วิชาบังคับก่อนที่ระบุคือ 06016317
ยังสรุปไม่ได้ว่าสามารถลงทะเบียนเมื่อยังไม่ผ่านวิชาบังคับก่อนได้หรือไม่ เพราะยังไม่มีหลักฐานข้อยกเว้นการลงทะเบียนที่ตรวจยืนยัน ต้องตรวจข้อบังคับหรือสอบถามฝ่ายทะเบียน","[{""source_file"": ""IT-60.pdf"", ""pdf_page"": 233, ""printed_page"": 228}]",552.52,True,200,,gold
gold,IT-2560-no-coop,IT-2560-no-coop-4,หลักสูตร IT 2560 ไม่เข้าร่วมสหกิจ: วิชา 06016323 มีวิชาบังคับก่อนอะไร ถ้ายังไม่ผ่านลงทะเบียนได้หรือไม่,"IT-2560-no-coop: วิชา 06016323 — วิชาบังคับก่อนที่ระบุคือ 06016317
ยังสรุปไม่ได้ว่าสามารถลงทะเบียนเมื่อยังไม่ผ่านวิชาบังคับก่อนได้หรือไม่ เพราะยังไม่มีหลักฐานข้อยกเว้นการลงทะเบียนที่ตรวจยืนยัน ต้องตรวจข้อบังคับหรือสอบถามฝ่ายทะเบียน","[{""source_file"": ""IT-60.pdf"", ""pdf_page"": 233, ""printed_page"": 228}]",587.72,True,200,,gold
gold,IT-2560-no-coop,IT-2560-no-coop-5,หลักสูตร IT 2560 ไม่เข้าร่วมสหกิจ: วิชา 09999999 มีรายละเอียดอะไร,ยังยืนยันข้อมูลที่ถามไม่ได้จากฐานข้อมูลที่ค้น: IT-2560-no-coop ข้อมูลที่นำเข้าอาจไม่ครบ จึงยังสรุปไม่ได้ว่ารายวิชาหรือเงื่อนไขนี้ไม่มีในเล่มหลักสูตร,[],620.7,True,200,,gold
gold,BIT-2565-coop,BIT-2565-coop-1,หลักสูตร BIT 2565 สหกิจ: วิชา 06036102 มีกี่หน่วยกิต,"BIT-2565-coop: 06036102 การวิเคราะห์เชิงสถิติสำหรับธุรกิจ (STATISTICAL ANALYSIS FOR BUSINESS), 3 หน่วยกิต, L-P-S 3-0-6 (ที่มา: BIT-65.pdf หน้า 32)","[{""source_file"": ""BIT-65.pdf"", ""pdf_page"": 32, ""printed_page"": null}]",551.58,True,200,,gold
gold,BIT-2565-coop,BIT-2565-coop-2,หลักสูตร BIT 2565 สหกิจ: วิชา 06036119 มีกี่หน่วยกิต,"BIT-2565-coop: 06036119 พื้นฐานการเขียนโปรแกรม (PROGRAMMING FUNDAMENTALS), 3 หน่วยกิต, L-P-S 2-2-5 (ที่มา: BIT-65.pdf หน้า 32)","[{""source_file"": ""BIT-65.pdf"", ""pdf_page"": 32, ""printed_page"": null}]",576.56,True,200,,gold
gold,BIT-2565-coop,BIT-2565-coop-3,หลักสูตร BIT 2565 สหกิจ: วิชา 06036120 มีกี่หน่วยกิต,"BIT-2565-coop: 06036120 หลักการโครงสร้างข้อมูลและอัลกอริทึม (DATA STRUCTURES AND ALGORITHMS PRINCIPLES), 3 หน่วยกิต, L-P-S 3-0-6 (ที่มา: BIT-65.pdf หน้า 32)","[{""source_file"": ""BIT-65.pdf"", ""pdf_page"": 32, ""printed_page"": null}]",587.71,True,200,,gold
gold,BIT-2565-coop,BIT-2565-coop-4,หลักสูตร BIT 2565 สหกิจ: ปี 1 ภาคการศึกษาที่ 2 เรียนกี่หน่วยกิต,BIT-2565-coop: 18 หน่วยกิต (ที่มา: BIT-65.pdf หน้า 32),"[{""source_file"": ""BIT-65.pdf"", ""pdf_page"": ""32"", ""printed_page"": null}]",584.89,True,200,,gold
gold,BIT-2565-coop,BIT-2565-coop-5,หลักสูตร BIT 2565 สหกิจ: วิชา 09999999 มีรายละเอียดอะไร,ยังยืนยันข้อมูลที่ถามไม่ได้จากฐานข้อมูลที่ค้น: BIT-2565-coop ข้อมูลที่นำเข้าอาจไม่ครบ จึงยังสรุปไม่ได้ว่ารายวิชาหรือเงื่อนไขนี้ไม่มีในเล่มหลักสูตร,[],596.93,True,200,,gold
gold,BIT-2565-no-coop,BIT-2565-no-coop-1,หลักสูตร BIT 2565 ไม่เข้าร่วมสหกิจ: วิชา 06036102 มีกี่หน่วยกิต,"BIT-2565-no-coop: 06036102 การวิเคราะห์เชิงสถิติสำหรับธุรกิจ (STATISTICAL ANALYSIS FOR BUSINESS), 3 หน่วยกิต, L-P-S 3-0-6 (ที่มา: BIT-65.pdf หน้า 27)","[{""source_file"": ""BIT-65.pdf"", ""pdf_page"": 27, ""printed_page"": null}]",611.11,True,200,,gold
gold,BIT-2565-no-coop,BIT-2565-no-coop-2,หลักสูตร BIT 2565 ไม่เข้าร่วมสหกิจ: วิชา 06036119 มีกี่หน่วยกิต,"BIT-2565-no-coop: 06036119 พื้นฐานการเขียนโปรแกรม (PROGRAMMING FUNDAMENTALS), 3 หน่วยกิต, L-P-S 2-2-5 (ที่มา: BIT-65.pdf หน้า 27)","[{""source_file"": ""BIT-65.pdf"", ""pdf_page"": 27, ""printed_page"": null}]",598.29,True,200,,gold
gold,BIT-2565-no-coop,BIT-2565-no-coop-3,หลักสูตร BIT 2565 ไม่เข้าร่วมสหกิจ: วิชา 06036120 มีกี่หน่วยกิต,"BIT-2565-no-coop: 06036120 หลักการโครงสร้างข้อมูลและอัลกอริทึม (DATA STRUCTURES AND ALGORITHMS PRINCIPLES), 3 หน่วยกิต, L-P-S 3-0-6 (ที่มา: BIT-65.pdf หน้า 27)","[{""source_file"": ""BIT-65.pdf"", ""pdf_page"": 27, ""printed_page"": null}]",583.98,True,200,,gold
gold,BIT-2565-no-coop,BIT-2565-no-coop-4,หลักสูตร BIT 2565 ไม่เข้าร่วมสหกิจ: ปี 1 ภาคการศึกษาที่ 2 เรียนกี่หน่วยกิต,BIT-2565-no-coop: 18 หน่วยกิต (ที่มา: BIT-65.pdf หน้า 27),"[{""source_file"": ""BIT-65.pdf"", ""pdf_page"": ""27"", ""printed_page"": null}]",594.1,True,200,,gold
gold,BIT-2565-no-coop,BIT-2565-no-coop-5,หลักสูตร BIT 2565 ไม่เข้าร่วมสหกิจ: วิชา 09999999 มีรายละเอียดอะไร,ยังยืนยันข้อมูลที่ถามไม่ได้จากฐานข้อมูลที่ค้น: BIT-2565-no-coop ข้อมูลที่นำเข้าอาจไม่ครบ จึงยังสรุปไม่ได้ว่ารายวิชาหรือเงื่อนไขนี้ไม่มีในเล่มหลักสูตร,[],590.51,True,200,,gold
gold,BIT-2560-coop,BIT-2560-coop-1,หลักสูตร BIT 2560 สหกิจ: วิชา 06036010 มีกี่หน่วยกิต,"BIT-2560-coop: 06036010 กระบวนการธุรกิจและการวางแผนทรัพยากรองค์กร (BUSINESS PROCESSES AND ENTERPRISE RESOURCE PLANNING), 3 หน่วยกิต, L-P-S 2-2-5 (ที่มา: BIT-60.pdf หน้า 29)","[{""source_file"": ""BIT-60.pdf"", ""pdf_page"": 29, ""printed_page"": 24}]",588.82,True,200,,gold
gold,BIT-2560-coop,BIT-2560-coop-2,หลักสูตร BIT 2560 สหกิจ: วิชา 06036010 มีวิชาบังคับก่อนอะไร,"BIT-2560-coop: วิชา 06036010 — วิชาบังคับก่อนที่ระบุคือ 06036006
ยังสรุปไม่ได้ว่าสามารถลงทะเบียนเมื่อยังไม่ผ่านวิชาบังคับก่อนได้หรือไม่ เพราะยังไม่มีหลักฐานข้อยกเว้นการลงทะเบียนที่ตรวจยืนยัน ต้องตรวจข้อบังคับหรือสอบถามฝ่ายทะเบียน","[{""source_file"": ""BIT-60.pdf"", ""pdf_page"": 174, ""printed_page"": 97}]",579.42,True,200,,gold
gold,BIT-2560-coop,BIT-2560-coop-3,หลักสูตร BIT 2560 สหกิจ: วิชา 06036010 เรียนกี่หน่วยกิต,"BIT-2560-coop: 06036010 กระบวนการธุรกิจและการวางแผนทรัพยากรองค์กร (BUSINESS PROCESSES AND ENTERPRISE RESOURCE PLANNING), 3 หน่วยกิต, L-P-S 2-2-5 (ที่มา: BIT-60.pdf หน้า 29)","[{""source_file"": ""BIT-60.pdf"", ""pdf_page"": 29, ""printed_page"": 24}]",579.08,True,200,,gold
gold,BIT-2560-coop,BIT-2560-coop-4,หลักสูตร BIT 2560 สหกิจ: วิชา 06036010 มีวิชาบังคับก่อนอะไร ถ้ายังไม่ผ่านลงทะเบียนได้หรือไม่,"BIT-2560-coop: วิชา 06036010 — วิชาบังคับก่อนที่ระบุคือ 06036006
ยังสรุปไม่ได้ว่าสามารถลงทะเบียนเมื่อยังไม่ผ่านวิชาบังคับก่อนได้หรือไม่ เพราะยังไม่มีหลักฐานข้อยกเว้นการลงทะเบียนที่ตรวจยืนยัน ต้องตรวจข้อบังคับหรือสอบถามฝ่ายทะเบียน","[{""source_file"": ""BIT-60.pdf"", ""pdf_page"": 174, ""printed_page"": 97}]",558.89,True,200,,gold
gold,BIT-2560-coop,BIT-2560-coop-5,หลักสูตร BIT 2560 สหกิจ: วิชา 09999999 มีรายละเอียดอะไร,ยังยืนยันข้อมูลที่ถามไม่ได้จากฐานข้อมูลที่ค้น: BIT-2560-coop ข้อมูลที่นำเข้าอาจไม่ครบ จึงยังสรุปไม่ได้ว่ารายวิชาหรือเงื่อนไขนี้ไม่มีในเล่มหลักสูตร,[],567.64,True,200,,gold
gold,BIT-2560-no-coop,BIT-2560-no-coop-1,หลักสูตร BIT 2560 ไม่เข้าร่วมสหกิจ: วิชา 06036010 มีกี่หน่วยกิต,"BIT-2560-no-coop: 06036010 กระบวนการธุรกิจและการวางแผนทรัพยากรองค์กร (BUSINESS PROCESSES AND ENTERPRISE RESOURCE PLANNING), 3 หน่วยกิต, L-P-S 2-2-5 (ที่มา: BIT-60.pdf หน้า 25)","[{""source_file"": ""BIT-60.pdf"", ""pdf_page"": 25, ""printed_page"": 20}]",562.27,True,200,,gold
gold,BIT-2560-no-coop,BIT-2560-no-coop-2,หลักสูตร BIT 2560 ไม่เข้าร่วมสหกิจ: วิชา 06036010 มีวิชาบังคับก่อนอะไร,"BIT-2560-no-coop: วิชา 06036010 — วิชาบังคับก่อนที่ระบุคือ 06036006
ยังสรุปไม่ได้ว่าสามารถลงทะเบียนเมื่อยังไม่ผ่านวิชาบังคับก่อนได้หรือไม่ เพราะยังไม่มีหลักฐานข้อยกเว้นการลงทะเบียนที่ตรวจยืนยัน ต้องตรวจข้อบังคับหรือสอบถามฝ่ายทะเบียน","[{""source_file"": ""BIT-60.pdf"", ""pdf_page"": 174, ""printed_page"": 97}]",574.74,True,200,,gold
gold,BIT-2560-no-coop,BIT-2560-no-coop-3,หลักสูตร BIT 2560 ไม่เข้าร่วมสหกิจ: วิชา 06036010 เรียนกี่หน่วยกิต,"BIT-2560-no-coop: 06036010 กระบวนการธุรกิจและการวางแผนทรัพยากรองค์กร (BUSINESS PROCESSES AND ENTERPRISE RESOURCE PLANNING), 3 หน่วยกิต, L-P-S 2-2-5 (ที่มา: BIT-60.pdf หน้า 25)","[{""source_file"": ""BIT-60.pdf"", ""pdf_page"": 25, ""printed_page"": 20}]",557.07,True,200,,gold
gold,BIT-2560-no-coop,BIT-2560-no-coop-4,หลักสูตร BIT 2560 ไม่เข้าร่วมสหกิจ: วิชา 06036010 มีวิชาบังคับก่อนอะไร ถ้ายังไม่ผ่านลงทะเบียนได้หรือไม่,"BIT-2560-no-coop: วิชา 06036010 — วิชาบังคับก่อนที่ระบุคือ 06036006
ยังสรุปไม่ได้ว่าสามารถลงทะเบียนเมื่อยังไม่ผ่านวิชาบังคับก่อนได้หรือไม่ เพราะยังไม่มีหลักฐานข้อยกเว้นการลงทะเบียนที่ตรวจยืนยัน ต้องตรวจข้อบังคับหรือสอบถามฝ่ายทะเบียน","[{""source_file"": ""BIT-60.pdf"", ""pdf_page"": 174, ""printed_page"": 97}]",589.88,True,200,,gold
gold,BIT-2560-no-coop,BIT-2560-no-coop-5,หลักสูตร BIT 2560 ไม่เข้าร่วมสหกิจ: วิชา 09999999 มีรายละเอียดอะไร,ยังยืนยันข้อมูลที่ถามไม่ได้จากฐานข้อมูลที่ค้น: BIT-2560-no-coop ข้อมูลที่นำเข้าอาจไม่ครบ จึงยังสรุปไม่ได้ว่ารายวิชาหรือเงื่อนไขนี้ไม่มีในเล่มหลักสูตร,[],557.13,True,200,,gold
gold,legacy,legacy-1,legacy: วิชา 06066301 มีวิชาบังคับก่อนอะไร,"legacy-course-catalog: วิชา 06066301 — มีรายวิชานี้ในฐานข้อมูล แต่ข้อมูลวิชาบังคับก่อนยังไม่ยืนยันจากคำอธิบายรายวิชาในเล่มหลักสูตร
ยังสรุปไม่ได้ว่าสามารถลงทะเบียนเมื่อยังไม่ผ่านวิชาบังคับก่อนได้หรือไม่ เพราะยังไม่มีหลักฐานข้อยกเว้นการลงทะเบียนที่ตรวจยืนยัน ต้องตรวจข้อบังคับหรือสอบถามฝ่ายทะเบียน","[{""source_file"": ""IT.pdf"", ""pdf_page"": 23, ""printed_page"": null}, {""source_file"": ""IT.pdf"", ""pdf_page"": 32, ""printed_page"": null}, {""source_file"": ""IT.pdf"", ""pdf_page"": 39, ""printed_page"": null}, {""source_file"": ""IT.pdf"", ""pdf_page"": 88, ""printed_page"": null}, {""source_file"": ""IT.pdf"", ""pdf_page"": 359, ""printed_page"": null}, {""source_file"": ""IT.pdf"", ""pdf_page"": 375, ""printed_page"": null}, {""source_file"": ""DSBA.pdf"", ""pdf_page"": 18, ""printed_page"": null}, {""source_file"": ""DSBA.pdf"", ""pdf_page"": 26, ""printed_page"": null}, {""source_file"": ""DSBA.pdf"", ""pdf_page"": 33, ""printed_page"": null}, {""source_file"": ""DSBA.pdf"", ""pdf_page"": 73, ""printed_page"": null}, {""source_file"": ""DSBA.pdf"", ""pdf_page"": 319, ""printed_page"": null}, {""source_file"": ""DSBA.pdf"", ""pdf_page"": 353, ""printed_page"": null}, {""source_file"": ""AI.pdf"", ""pdf_page"": 20, ""printed_page"": null}, {""source_file"": ""AI.pdf"", ""pdf_page"": 23, ""printed_page"": null}, {""source_file"": ""AI.pdf"", ""pdf_page"": 37, ""printed_page"": null}, {""source_file"": ""AI.pdf"", ""pdf_page"": 290, ""printed_page"": null}]",611.64,True,200,,gold
gold,legacy,legacy-2,legacy: วิชา 06066302 มีวิชาบังคับก่อนอะไร,"legacy-course-catalog: วิชา 06066302 — มีรายวิชานี้ในฐานข้อมูล แต่ข้อมูลวิชาบังคับก่อนยังไม่ยืนยันจากคำอธิบายรายวิชาในเล่มหลักสูตร
ยังสรุปไม่ได้ว่าสามารถลงทะเบียนเมื่อยังไม่ผ่านวิชาบังคับก่อนได้หรือไม่ เพราะยังไม่มีหลักฐานข้อยกเว้นการลงทะเบียนที่ตรวจยืนยัน ต้องตรวจข้อบังคับหรือสอบถามฝ่ายทะเบียน","[{""source_file"": ""IT.pdf"", ""pdf_page"": 24, ""printed_page"": null}, {""source_file"": ""IT.pdf"", ""pdf_page"": 34, ""printed_page"": null}, {""source_file"": ""IT.pdf"", ""pdf_page"": 41, ""printed_page"": null}, {""source_file"": ""IT.pdf"", ""pdf_page"": 88, ""printed_page"": null}, {""source_file"": ""IT.pdf"", ""pdf_page"": 336, ""printed_page"": null}, {""source_file"": ""IT.pdf"", ""pdf_page"": 342, ""printed_page"": null}, {""source_file"": ""IT.pdf"", ""pdf_page"": 359, ""printed_page"": null}, {""source_file"": ""IT.pdf"", ""pdf_page"": 375, ""printed_page"": null}, {""source_file"": ""DSBA.pdf"", ""pdf_page"": 18, ""printed_page"": null}, {""source_file"": ""DSBA.pdf"", ""pdf_page"": 25, ""printed_page"": null}, {""source_file"": ""DSBA.pdf"", ""pdf_page"": 32, ""printed_page"": null}, {""source_file"": ""DSBA.pdf"", ""pdf_page"": 73, ""printed_page"": null}, {""source_file"": ""DSBA.pdf"", ""pdf_page"": 319, ""printed_page"": null}, {""source_file"": ""DSBA.pdf"", ""pdf_page"": 353, ""printed_page"": null}]",583.36,True,200,,gold
gold,legacy,legacy-3,legacy: วิชา 06066303 มีวิชาบังคับก่อนอะไร,"legacy-course-catalog: วิชา 06066303 — มีรายวิชานี้ในฐานข้อมูล แต่ข้อมูลวิชาบังคับก่อนยังไม่ยืนยันจากคำอธิบายรายวิชาในเล่มหลักสูตร
ยังสรุปไม่ได้ว่าสามารถลงทะเบียนเมื่อยังไม่ผ่านวิชาบังคับก่อนได้หรือไม่ เพราะยังไม่มีหลักฐานข้อยกเว้นการลงทะเบียนที่ตรวจยืนยัน ต้องตรวจข้อบังคับหรือสอบถามฝ่ายทะเบียน","[{""source_file"": ""IT.pdf"", ""pdf_page"": 24, ""printed_page"": null}, {""source_file"": ""IT.pdf"", ""pdf_page"": 31, ""printed_page"": null}, {""source_file"": ""IT.pdf"", ""pdf_page"": 38, ""printed_page"": null}, {""source_file"": ""IT.pdf"", ""pdf_page"": 88, ""printed_page"": null}, {""source_file"": ""IT.pdf"", ""pdf_page"": 359, ""printed_page"": null}, {""source_file"": ""IT.pdf"", ""pdf_page"": 375, ""printed_page"": null}, {""source_file"": ""DSBA.pdf"", ""pdf_page"": 18, ""printed_page"": null}, {""source_file"": ""DSBA.pdf"", ""pdf_page"": 23, ""printed_page"": null}, {""source_file"": ""DSBA.pdf"", ""pdf_page"": 30, ""printed_page"": null}, {""source_file"": ""DSBA.pdf"", ""pdf_page"": 73, ""printed_page"": null}, {""source_file"": ""DSBA.pdf"", ""pdf_page"": 319, ""printed_page"": null}, {""source_file"": ""DSBA.pdf"", ""pdf_page"": 353, ""printed_page"": null}, {""source_file"": ""AI.pdf"", ""pdf_page"": 20, ""printed_page"": null}, {""source_file"": ""AI.pdf"", ""pdf_page"": 23, ""printed_page"": null}, {""source_file"": ""AI.pdf"", ""pdf_page"": 37, ""printed_page"": null}, {""source_file"": ""AI.pdf"", ""pdf_page"": 289, ""printed_page"": null}]",602.56,True,200,,gold
gold,legacy,legacy-4,legacy: วิชา 06066302 มีวิชาบังคับก่อนอะไร ถ้ายังไม่ผ่านลงทะเบียนได้หรือไม่,"legacy-course-catalog: วิชา 06066302 — มีรายวิชานี้ในฐานข้อมูล แต่ข้อมูลวิชาบังคับก่อนยังไม่ยืนยันจากคำอธิบายรายวิชาในเล่มหลักสูตร
ยังสรุปไม่ได้ว่าสามารถลงทะเบียนเมื่อยังไม่ผ่านวิชาบังคับก่อนได้หรือไม่ เพราะยังไม่มีหลักฐานข้อยกเว้นการลงทะเบียนที่ตรวจยืนยัน ต้องตรวจข้อบังคับหรือสอบถามฝ่ายทะเบียน","[{""source_file"": ""IT.pdf"", ""pdf_page"": 24, ""printed_page"": null}, {""source_file"": ""IT.pdf"", ""pdf_page"": 34, ""printed_page"": null}, {""source_file"": ""IT.pdf"", ""pdf_page"": 41, ""printed_page"": null}, {""source_file"": ""IT.pdf"", ""pdf_page"": 88, ""printed_page"": null}, {""source_file"": ""IT.pdf"", ""pdf_page"": 336, ""printed_page"": null}, {""source_file"": ""IT.pdf"", ""pdf_page"": 342, ""printed_page"": null}, {""source_file"": ""IT.pdf"", ""pdf_page"": 359, ""printed_page"": null}, {""source_file"": ""IT.pdf"", ""pdf_page"": 375, ""printed_page"": null}, {""source_file"": ""DSBA.pdf"", ""pdf_page"": 18, ""printed_page"": null}, {""source_file"": ""DSBA.pdf"", ""pdf_page"": 25, ""printed_page"": null}, {""source_file"": ""DSBA.pdf"", ""pdf_page"": 32, ""printed_page"": null}, {""source_file"": ""DSBA.pdf"", ""pdf_page"": 73, ""printed_page"": null}, {""source_file"": ""DSBA.pdf"", ""pdf_page"": 319, ""printed_page"": null}, {""source_file"": ""DSBA.pdf"", ""pdf_page"": 353, ""printed_page"": null}]",573.9,True,200,,gold
gold,legacy,legacy-5,legacy: วิชา 09999999 มีรายละเอียดอะไร,ยังยืนยันข้อมูลที่ถามไม่ได้จากฐานข้อมูลที่ค้น: legacy-course-catalog ข้อมูลที่นำเข้าอาจไม่ครบ จึงยังสรุปไม่ได้ว่ารายวิชาหรือเงื่อนไขนี้ไม่มีในเล่มหลักสูตร,[],569.24,True,200,,gold
old-development,DSBA-2560-coop,DSBA-2560-coop-1,หลักสูตร DSBA 2560 สหกิจ: วิชา 06026100 มีกี่หน่วยกิต,"DSBA-2560-coop: 06026100 พื้นฐานทางด้านเทคโนโลยีสารสนเทศ (INFORMATION TECHNOLOGY FUNDAMENTALS), 3 หน่วยกิต, L-P-S 2-2-5 (ที่มา: DSBA-60.pdf หน้า 30)","[{""source_file"": ""DSBA-60.pdf"", ""pdf_page"": 30, ""printed_page"": 25}]",1116.06,True,200,,old-development
old-development,DSBA-2560-coop,DSBA-2560-coop-2,หลักสูตร DSBA 2560 สหกิจ: วิชา 06026104 มีกี่หน่วยกิต,"DSBA-2560-coop: 06026104 การสร้างโปรแกรมคอมพิวเตอร์ (COMPUTER PROGRAMMING), 3 หน่วยกิต, L-P-S 2-2-5 (ที่มา: DSBA-60.pdf หน้า 30)","[{""source_file"": ""DSBA-60.pdf"", ""pdf_page"": 30, ""printed_page"": 25}]",1143.57,True,200,,old-development
old-development,DSBA-2560-coop,DSBA-2560-coop-3,หลักสูตร DSBA 2560 สหกิจ: วิชา 06026113 มีวิชาบังคับก่อนอะไร,"DSBA-2560-coop: วิชา 06026113 — วิชาบังคับก่อนที่ระบุคือ 06026104
ยังสรุปไม่ได้ว่าสามารถลงทะเบียนเมื่อยังไม่ผ่านวิชาบังคับก่อนได้หรือไม่ เพราะยังไม่มีหลักฐานข้อยกเว้นการลงทะเบียนที่ตรวจยืนยัน ต้องตรวจข้อบังคับหรือสอบถามฝ่ายทะเบียน","[{""source_file"": ""DSBA-60.pdf"", ""pdf_page"": 182, ""printed_page"": 177}]",1138.24,True,200,,old-development
old-development,DSBA-2560-coop,DSBA-2560-coop-4,หลักสูตร DSBA 2560 สหกิจ: วิชา 06026114 มีกี่หน่วยกิต,"DSBA-2560-coop: 06026114 กระบวนการธุรกิจและการวางแผนทรัพยากรองค์กร (BUSINESS PROCESSES AND ENTERPRISE RESOURCE PLANNING), 3 หน่วยกิต, L-P-S 2-2-5 (ที่มา: DSBA-60.pdf หน้า 32)","[{""source_file"": ""DSBA-60.pdf"", ""pdf_page"": 32, ""printed_page"": 27}]",1169.88,True,200,,old-development
old-development,DSBA-2560-coop,DSBA-2560-coop-5,หลักสูตร DSBA 2560 สหกิจ: วิชา 09999999 มีรายละเอียดอะไร,ยังยืนยันข้อมูลที่ถามไม่ได้จากฐานข้อมูลที่ค้น: DSBA-2560-coop ข้อมูลที่นำเข้าอาจไม่ครบ จึงยังสรุปไม่ได้ว่ารายวิชาหรือเงื่อนไขนี้ไม่มีในเล่มหลักสูตร,[],1154.15,True,200,,old-development
old-development,DSBA-2560-coop,DSBA-2560-coop-6,หลักสูตร DSBA 2560 สหกิจ: วิชาพื้นฐานทางด้านเทคโนโลยีสารสนเทศมีกี่หน่วยกิต,"DSBA-2560-coop: 06026100 พื้นฐานทางด้านเทคโนโลยีสารสนเทศ (INFORMATION TECHNOLOGY FUNDAMENTALS), 3 หน่วยกิต, L-P-S 2-2-5 (ที่มา: DSBA-60.pdf หน้า 30)","[{""source_file"": ""DSBA-60.pdf"", ""pdf_page"": 30, ""printed_page"": 25}]",1146.21,True,200,,old-development
old-development,DSBA-2560-coop,DSBA-2560-coop-7,หลักสูตร DSBA 2560 สหกิจ: วิชาการสร้างโปรแกรมทางสถิติมีวิชาบังคับก่อนอะไร,"DSBA-2560-coop: วิชา 06026113 — วิชาบังคับก่อนที่ระบุคือ 06026104
ยังสรุปไม่ได้ว่าสามารถลงทะเบียนเมื่อยังไม่ผ่านวิชาบังคับก่อนได้หรือไม่ เพราะยังไม่มีหลักฐานข้อยกเว้นการลงทะเบียนที่ตรวจยืนยัน ต้องตรวจข้อบังคับหรือสอบถามฝ่ายทะเบียน","[{""source_file"": ""DSBA-60.pdf"", ""pdf_page"": 182, ""printed_page"": 177}]",1183.89,True,200,,old-development
old-development,DSBA-2560-coop,DSBA-2560-coop-8,หลักสูตร DSBA 2560 สหกิจ: ปี 1 ภาคการศึกษาที่ 1 มีรายวิชาอะไรบ้าง,"DSBA พ.ศ. 2560 — ปี 1 ภาคการศึกษาที่ 1 — แผนสหกิจศึกษา
รายวิชาตามข้อมูลที่นำเข้า
- 06026100 พื้นฐานทางด้านเทคโนโลยีสารสนเทศ — 3 หน่วยกิต
- 06026104 การสร้างโปรแกรมคอมพิวเตอร์ — 3 หน่วยกิต
วิชาศึกษาทั่วไป
- 90101007 คณิตเศรษฐศาสตร์เบื้องต้น — 3 หน่วยกิต
- 90201001 ภาษาอังกฤษพื้นฐาน 1 — 3 หน่วยกิต
- 90401013 ความรู้ทั่วไปเกี่ยวกับธุรกิจ — 3 หน่วยกิต
วิชาเลือกเสรี
- 90101xxx วิชาเลือกทางวิทยาศาสตร์กับคณิตศาสตร์ 2 — 3 หน่วยกิต","[{""source_file"": ""DSBA-60.pdf"", ""pdf_page"": 30, ""printed_page"": 25}]",1130.3,True,200,,old-development
old-development,DSBA-2560-coop,DSBA-2560-coop-9,หลักสูตร DSBA 2560 สหกิจ: ปี 4 ภาคการศึกษาที่ 2 มีรายวิชาอะไรบ้าง,"DSBA พ.ศ. 2560 — ปี 4 ภาคการศึกษาที่ 2 — แผนสหกิจศึกษา
รายวิชาตามข้อมูลที่นำเข้า
รายวิชาที่อยู่ในชุดตัวเลือก “หรือ” เดียวกันให้เลือกเพียงหนึ่งตัวเลือก
- 06026130 สหกิจศึกษาทางวิทยาการข้อมูลและการวิเคราะห์เชิงธุรกิจ — 6 หน่วยกิต
- 06026131 สหกิจศึกษาต่างประเทศทางวิทยาการข้อมูลและการวิเคราะห์เชิงธุรกิจ — 6 หน่วยกิต","[{""source_file"": ""DSBA-60.pdf"", ""pdf_page"": 34, ""printed_page"": 29}]",1140.52,True,200,,old-development
old-development,DSBA-2560-coop,DSBA-2560-coop-10,หลักสูตร DSBA 2560 สหกิจ: ปี 4 ภาคการศึกษาที่ 1 มีรายวิชาอะไรบ้าง,"DSBA พ.ศ. 2560 — ปี 4 ภาคการศึกษาที่ 1 — แผนสหกิจศึกษา
รายวิชาตามข้อมูลที่นำเข้า
- 06026128 โครงงานวิทยาการข้อมูลและการวิเคราะห์เชิงธุรกิจ 2 — 3 หน่วยกิต
วิชาเลือกทางมนุษยศาสตร์
- 90xxxxxx วิชาเลือกทางมนุษยศาสตร์ 2 — 3 หน่วยกิต
วิชาเลือกเสรี
- Xxxxxxxx วิชาเลือกเสรี 1 — 3 หน่วยกิต
- Xxxxxxxx วิชาเลือกเสรี 2 — 3 หน่วยกิต","[{""source_file"": ""DSBA-60.pdf"", ""pdf_page"": 33, ""printed_page"": 28}]",1131.14,True,200,,old-development
old-development,DSBA-2560-coop,DSBA-2560-coop-11,หลักสูตร DSBA 2560 สหกิจ: ปี 3 ภาคการศึกษาที่ 2 มีรายวิชาอะไรบ้าง,"DSBA พ.ศ. 2560 — ปี 3 ภาคการศึกษาที่ 2 — แผนสหกิจศึกษา
รายวิชาตามข้อมูลที่นำเข้า
- 06026123 สัมมนาทางด้านทักษะการสื่อสารในวิชาชีพ — 1 หน่วยกิต
- 06026124 การแสดงข้อมูลด้วยแผนภาพ — 3 หน่วยกิต
- 06026125 การเรียนรู้ของเครื่องจักร — 3 หน่วยกิต
- 06026126 การบริหารเชิงกลยุทธ์และสมรรถะของธุรกิจ — 3 หน่วยกิต
- 06026127 โครงงานวิทยาการข้อมูลและการวิเคราะห์เชิงธุรกิจ 1 — 3 หน่วยกิต
ข้อกำหนดวิชาเลือก
- 060261xx วิชาเลือกทางวิทยาการข้อมูลและการวิเคราะห์เชิงธุรกิจ 1 — 3 หน่วยกิต (3(3-0-6) หรือ 3(2-2-5))","[{""source_file"": ""DSBA-60.pdf"", ""pdf_page"": 33, ""printed_page"": 28}]",1201.72,True,200,,old-development
old-development,DSBA-2560-no-coop,DSBA-2560-no-coop-1,หลักสูตร DSBA 2560 ไม่เข้าร่วมสหกิจ: วิชา 06026100 มีกี่หน่วยกิต,"DSBA-2560-no-coop: 06026100 พื้นฐานทางด้านเทคโนโลยีสารสนเทศ (INFORMATION TECHNOLOGY FUNDAMENTALS), 3 หน่วยกิต, L-P-S 2-2-5 (ที่มา: DSBA-60.pdf หน้า 25)","[{""source_file"": ""DSBA-60.pdf"", ""pdf_page"": 25, ""printed_page"": 20}]",1170.83,True,200,,old-development
old-development,DSBA-2560-no-coop,DSBA-2560-no-coop-2,หลักสูตร DSBA 2560 ไม่เข้าร่วมสหกิจ: วิชา 06026104 มีกี่หน่วยกิต,"DSBA-2560-no-coop: 06026104 การสร้างโปรแกรมคอมพิวเตอร์ (COMPUTER PROGRAMMING), 3 หน่วยกิต, L-P-S 2-2-5 (ที่มา: DSBA-60.pdf หน้า 25)","[{""source_file"": ""DSBA-60.pdf"", ""pdf_page"": 25, ""printed_page"": 20}]",1174.19,True,200,,old-development
old-development,DSBA-2560-no-coop,DSBA-2560-no-coop-3,หลักสูตร DSBA 2560 ไม่เข้าร่วมสหกิจ: วิชา 06026113 มีวิชาบังคับก่อนอะไร,"DSBA-2560-no-coop: วิชา 06026113 — วิชาบังคับก่อนที่ระบุคือ 06026104
ยังสรุปไม่ได้ว่าสามารถลงทะเบียนเมื่อยังไม่ผ่านวิชาบังคับก่อนได้หรือไม่ เพราะยังไม่มีหลักฐานข้อยกเว้นการลงทะเบียนที่ตรวจยืนยัน ต้องตรวจข้อบังคับหรือสอบถามฝ่ายทะเบียน","[{""source_file"": ""DSBA-60.pdf"", ""pdf_page"": 182, ""printed_page"": 177}]",1181.74,True,200,,old-development
old-development,DSBA-2560-no-coop,DSBA-2560-no-coop-4,หลักสูตร DSBA 2560 ไม่เข้าร่วมสหกิจ: วิชา 06026114 มีกี่หน่วยกิต,"DSBA-2560-no-coop: 06026114 กระบวนการธุรกิจและการวางแผนทรัพยากรองค์กร (BUSINESS PROCESSES AND ENTERPRISE RESOURCE PLANNING), 3 หน่วยกิต, L-P-S 2-2-5 (ที่มา: DSBA-60.pdf หน้า 27)","[{""source_file"": ""DSBA-60.pdf"", ""pdf_page"": 27, ""printed_page"": 22}]",1147.06,True,200,,old-development
old-development,DSBA-2560-no-coop,DSBA-2560-no-coop-5,หลักสูตร DSBA 2560 ไม่เข้าร่วมสหกิจ: วิชา 09999999 มีรายละเอียดอะไร,ยังยืนยันข้อมูลที่ถามไม่ได้จากฐานข้อมูลที่ค้น: DSBA-2560-no-coop ข้อมูลที่นำเข้าอาจไม่ครบ จึงยังสรุปไม่ได้ว่ารายวิชาหรือเงื่อนไขนี้ไม่มีในเล่มหลักสูตร,[],1181.74,True,200,,old-development
old-development,DSBA-2560-no-coop,DSBA-2560-no-coop-6,หลักสูตร DSBA 2560 ไม่เข้าร่วมสหกิจ: วิชาพื้นฐานทางด้านเทคโนโลยีสารสนเทศมีกี่หน่วยกิต,"DSBA-2560-no-coop: 06026100 พื้นฐานทางด้านเทคโนโลยีสารสนเทศ (INFORMATION TECHNOLOGY FUNDAMENTALS), 3 หน่วยกิต, L-P-S 2-2-5 (ที่มา: DSBA-60.pdf หน้า 25)","[{""source_file"": ""DSBA-60.pdf"", ""pdf_page"": 25, ""printed_page"": 20}]",1147.16,True,200,,old-development
old-development,DSBA-2560-no-coop,DSBA-2560-no-coop-7,หลักสูตร DSBA 2560 ไม่เข้าร่วมสหกิจ: วิชาการสร้างโปรแกรมทางสถิติมีวิชาบังคับก่อนอะไร,"DSBA-2560-no-coop: วิชา 06026113 — วิชาบังคับก่อนที่ระบุคือ 06026104
ยังสรุปไม่ได้ว่าสามารถลงทะเบียนเมื่อยังไม่ผ่านวิชาบังคับก่อนได้หรือไม่ เพราะยังไม่มีหลักฐานข้อยกเว้นการลงทะเบียนที่ตรวจยืนยัน ต้องตรวจข้อบังคับหรือสอบถามฝ่ายทะเบียน","[{""source_file"": ""DSBA-60.pdf"", ""pdf_page"": 182, ""printed_page"": 177}]",1117.3,True,200,,old-development
old-development,DSBA-2560-no-coop,DSBA-2560-no-coop-8,หลักสูตร DSBA 2560 ไม่เข้าร่วมสหกิจ: ปี 1 ภาคการศึกษาที่ 1 มีรายวิชาอะไรบ้าง,"DSBA พ.ศ. 2560 — ปี 1 ภาคการศึกษาที่ 1 — แผนไม่สหกิจศึกษา
รายวิชาตามข้อมูลที่นำเข้า
- 06026100 พื้นฐานทางด้านเทคโนโลยีสารสนเทศ — 3 หน่วยกิต
- 06026104 การสร้างโปรแกรมคอมพิวเตอร์ — 3 หน่วยกิต
วิชาศึกษาทั่วไป
- 90101007 คณิตเศรษฐศาสตร์เบื้องต้น — 3 หน่วยกิต
- 90201001 ภาษาอังกฤษพื้นฐาน 1 — 3 หน่วยกิต
- 90401013 ความรู้ทั่วไปเกี่ยวกับธุรกิจ — 3 หน่วยกิต
วิชาเลือกเสรี
- 90101xxx วิชาเลือกทางวิทยาศาสตร์กับคณิตศาสตร์ 2 — 3 หน่วยกิต","[{""source_file"": ""DSBA-60.pdf"", ""pdf_page"": 25, ""printed_page"": 20}]",1118.26,True,200,,old-development
old-development,DSBA-2560-no-coop,DSBA-2560-no-coop-9,หลักสูตร DSBA 2560 ไม่เข้าร่วมสหกิจ: ปี 4 ภาคการศึกษาที่ 2 มีรายวิชาอะไรบ้าง,"DSBA พ.ศ. 2560 — ปี 4 ภาคการศึกษาที่ 2 — แผนไม่สหกิจศึกษา
วิชาเลือกเสรี
- 90xxxxxx วิชาเลือกทางมนุษยศาสตร์ 2 — 3 หน่วยกิต
- Xxxxxxxx วิชาเลือกเสรี 2 — 3 หน่วยกิต","[{""source_file"": ""DSBA-60.pdf"", ""pdf_page"": 29, ""printed_page"": 24}]",1112.62,True,200,,old-development
old-development,DSBA-2560-no-coop,DSBA-2560-no-coop-10,หลักสูตร DSBA 2560 ไม่เข้าร่วมสหกิจ: ปี 4 ภาคการศึกษาที่ 1 มีรายวิชาอะไรบ้าง,"DSBA พ.ศ. 2560 — ปี 4 ภาคการศึกษาที่ 1 — แผนไม่สหกิจศึกษา
รายวิชาตามข้อมูลที่นำเข้า
- 06026128 โครงงานวิทยาการข้อมูลและการวิเคราะห์เชิงธุรกิจ 2 — 3 หน่วยกิต
ข้อกำหนดวิชาเลือก
- 060261xx วิชาเลือกทางพิเศษวิทยาการข้อมูลและการวิเคราะห์เชิงธุรกิจ 2 — 3 หน่วยกิต (3(3-0-6) หรือ 3(2-2-5))
วิชาเลือกเสรี
- 90xxxxxx วิชาเลือกเสรี 1 — 3 หน่วยกิต","[{""source_file"": ""DSBA-60.pdf"", ""pdf_page"": 29, ""printed_page"": 24}]",1155.69,True,200,,old-development
old-development,IT-2560-coop,IT-2560-coop-1,หลักสูตร IT 2560 สหกิจ: วิชา 06016323 มีกี่หน่วยกิต,"IT-2560-coop: 06016323 การโปรแกรมอุปกรณ์เคลื่อนที่ (MOBILE DEVICE PROGRAMMING), 3 หน่วยกิต, L-P-S 2-2-5 (ที่มา: IT-60.pdf หน้า 37)","[{""source_file"": ""IT-60.pdf"", ""pdf_page"": 37, ""printed_page"": 32}]",1084.61,True,200,,old-development
old-development,IT-2560-coop,IT-2560-coop-2,หลักสูตร IT 2560 สหกิจ: วิชา 06016323 ชื่อวิชาอะไร,"IT-2560-coop: 06016323 การโปรแกรมอุปกรณ์เคลื่อนที่ (MOBILE DEVICE PROGRAMMING), 3 หน่วยกิต, L-P-S 2-2-5 (ที่มา: IT-60.pdf หน้า 37)","[{""source_file"": ""IT-60.pdf"", ""pdf_page"": 37, ""printed_page"": 32}]",1123.18,True,200,,old-development
old-development,IT-2560-coop,IT-2560-coop-3,หลักสูตร IT 2560 สหกิจ: วิชา 06016323 มีวิชาบังคับก่อนอะไร,"IT-2560-coop: วิชา 06016323 — วิชาบังคับก่อนที่ระบุคือ 06016317
ยังสรุปไม่ได้ว่าสามารถลงทะเบียนเมื่อยังไม่ผ่านวิชาบังคับก่อนได้หรือไม่ เพราะยังไม่มีหลักฐานข้อยกเว้นการลงทะเบียนที่ตรวจยืนยัน ต้องตรวจข้อบังคับหรือสอบถามฝ่ายทะเบียน","[{""source_file"": ""IT-60.pdf"", ""pdf_page"": 233, ""printed_page"": 228}]",1132.87,True,200,,old-development
old-development,IT-2560-coop,IT-2560-coop-4,หลักสูตร IT 2560 สหกิจ: วิชา 06016323 มีวิชาบังคับก่อนอะไร ถ้ายังไม่ผ่านลงทะเบียนได้หรือไม่,"IT-2560-coop: วิชา 06016323 — วิชาบังคับก่อนที่ระบุคือ 06016317
ยังสรุปไม่ได้ว่าสามารถลงทะเบียนเมื่อยังไม่ผ่านวิชาบังคับก่อนได้หรือไม่ เพราะยังไม่มีหลักฐานข้อยกเว้นการลงทะเบียนที่ตรวจยืนยัน ต้องตรวจข้อบังคับหรือสอบถามฝ่ายทะเบียน","[{""source_file"": ""IT-60.pdf"", ""pdf_page"": 233, ""printed_page"": 228}]",1172.6,True,200,,old-development
old-development,IT-2560-coop,IT-2560-coop-5,หลักสูตร IT 2560 สหกิจ: วิชา 09999999 มีรายละเอียดอะไร,ยังยืนยันข้อมูลที่ถามไม่ได้จากฐานข้อมูลที่ค้น: IT-2560-coop ข้อมูลที่นำเข้าอาจไม่ครบ จึงยังสรุปไม่ได้ว่ารายวิชาหรือเงื่อนไขนี้ไม่มีในเล่มหลักสูตร,[],1148.82,True,200,,old-development
old-development,IT-2560-coop,IT-2560-coop-6,หลักสูตร IT 2560 สหกิจ: วิชาการโปรแกรมอุปกรณ์เคลื่อนที่มีกี่หน่วยกิต,"IT-2560-coop: 06016323 การโปรแกรมอุปกรณ์เคลื่อนที่ (MOBILE DEVICE PROGRAMMING), 3 หน่วยกิต, L-P-S 2-2-5 (ที่มา: IT-60.pdf หน้า 37)","[{""source_file"": ""IT-60.pdf"", ""pdf_page"": 37, ""printed_page"": 32}]",1126.3,True,200,,old-development
old-development,IT-2560-coop,IT-2560-coop-7,หลักสูตร IT 2560 สหกิจ: วิชาการโปรแกรมอุปกรณ์เคลื่อนที่มีวิชาบังคับก่อนอะไร,"IT-2560-coop: วิชา 06016323 — วิชาบังคับก่อนที่ระบุคือ 06016317
ยังสรุปไม่ได้ว่าสามารถลงทะเบียนเมื่อยังไม่ผ่านวิชาบังคับก่อนได้หรือไม่ เพราะยังไม่มีหลักฐานข้อยกเว้นการลงทะเบียนที่ตรวจยืนยัน ต้องตรวจข้อบังคับหรือสอบถามฝ่ายทะเบียน","[{""source_file"": ""IT-60.pdf"", ""pdf_page"": 233, ""printed_page"": 228}]",1183.32,True,200,,old-development
old-development,IT-2560-coop,IT-2560-coop-8,หลักสูตร IT 2560 สหกิจ: วิชาการเขียนโปรแกรมมีกี่หน่วยกิต,"พบหลายรายวิชาที่ตรงกับชื่อที่ค้น โปรดระบุรหัสวิชาที่ต้องการก่อนตอบรายละเอียด:
IT-2560-coop: 06016315 การสร้างโปรแกรมคอมพิวเตอร์
IT-2560-coop: 06016317 การสร้างโปรแกรมเชิงอ็อบเจกต์
IT-2560-coop: 06016322 การสร้างโปรแกรมเว็บ
IT-2560-coop: 06016323 การโปรแกรมอุปกรณ์เคลื่อนที่
IT-2560-coop: 06016325 การโปรแกรมเชิงบริการ
IT-2560-coop: 06016341 การโปรแกรมสื่อประสม","[{""source_file"": ""IT-60.pdf"", ""pdf_page"": 35, ""printed_page"": 30}, {""source_file"": ""IT-60.pdf"", ""pdf_page"": 36, ""printed_page"": 31}, {""source_file"": ""IT-60.pdf"", ""pdf_page"": 37, ""printed_page"": 32}]",1223.8,True,200,,old-development
old-development,IT-2560-coop,IT-2560-coop-9,หลักสูตร IT 2560 สหกิจ: ปี 3 ภาคการศึกษาที่ 1 มีรายวิชาอะไรบ้าง,"IT พ.ศ. 2560 — ปี 3 ภาคการศึกษาที่ 1 — แผนสหกิจศึกษา
กลุ่มหรือแขนงที่แสดงเป็นทางเลือก ไม่ใช่ให้เรียนรายวิชาของทุกกลุ่มพร้อมกัน
รายวิชาร่วมทุกกลุ่ม
- 06016309 ความมั่นคงของระบบสารสนเทศและกฎหมายไอที — 3 หน่วยกิต
- 06016310 การออกแบบส่วนต่อประสานกับมนุษย์ — 3 หน่วยกิต
- 90304004 การเขียนรายงาน — 3 หน่วยกิต
แขนงวิชาวิศวกรรมซอฟต์แวร์
- 06016323 การโปรแกรมอุปกรณ์เคลื่อนที่ — 3 หน่วยกิต
- 06016324 วิศวกรรมความต้องการ — 3 หน่วยกิต
- 06016325 การโปรแกรมเชิงบริการ — 3 หน่วยกิต
แขนงวิชาเทคโนโลยีเครือข่ายและระบบ
- 06016333 เทคโนโลยีการให้บริการอินเตอร์เน็ต — 3 หน่วยกิต
- 06016334 เทคโนโลยีเครือข่ายไร้สาย — 3 หน่วยกิต
- 06016335 เทคโนโลยีกลุ่มเมฆเบื้องต้น — 3 หน่วยกิต
แขนงวิชาการพัฒนาสื่อประสมและเกม
- 06016343 การออกแบบและพัฒนาเกม — 3 หน่วยกิต
- 06016344 หลักการออกแบบกราฟิกส์ — 3 หน่วยกิต
- 06016345 คอมพิวเตอร์แอนิเมชันสามมิติ — 3 หน่วยกิต
เลือกแผนตามแขนง ไม่บวกวิชาของทั้งสามแขนงพร้อมกัน","[{""source_file"": ""IT-60.pdf"", ""pdf_page"": 37, ""printed_page"": 32}]",1145.44,True,200,,old-development
old-development,IT-2560-coop,IT-2560-coop-10,หลักสูตร IT 2560 สหกิจ: ปี 3 ภาคการศึกษาที่ 2 มีรายวิชาอะไรบ้าง,"IT พ.ศ. 2560 — ปี 3 ภาคการศึกษาที่ 2 — แผนสหกิจศึกษา
กลุ่มหรือแขนงที่แสดงเป็นทางเลือก ไม่ใช่ให้เรียนรายวิชาของทุกกลุ่มพร้อมกัน
รายวิชาร่วมทุกกลุ่ม
- 06016307 การบริหารโครงการเทคโนโลยีสารสนเทศ — 3 หน่วยกิต
- 06016318 สัมมนาทางด้านทักษะการสื่อสารในวิชาชีพ — 1 หน่วยกิต
แขนงวิชาวิศวกรรมซอฟต์แวร์
- 06016326 การทวนสอบและตรวจสอบซอฟต์แวร์ — 3 หน่วยกิต
- 06016327 การพัฒนาคลาวด์แอปพลิเคชันระดับองค์กร — 3 หน่วยกิต
- 06016328 เครื่องมือและสภาพแวดล้อมสำหรับการพัฒนาซอฟต์แวร์ — 3 หน่วยกิต
แขนงวิชาเทคโนโลยีเครือข่ายและระบบ
- 06016336 การจัดการเครือข่ายและโครงสร้างพื้นฐานเทคโนโลยีสารสนเทศ — 3 หน่วยกิต
- 06016337 ประสิทธิภาพเครือข่าย — 3 หน่วยกิต
- 06016338 การออกแบบเครือข่ายเบื้องต้น — 3 หน่วยกิต
แขนงวิชาการพัฒนาสื่อประสมและเกม
- 06016346 การออกแบบและพัฒนาเว็บ — 3 หน่วยกิต
- 06016347 พื้นฐานการเล่าเรื่องและถ่ายภาพยนตร์ดิจิทัล — 3 หน่วยกิต
- 06016348 การพัฒนาเกมขั้นสูง — 3 หน่วยกิต
ข้อกำหนดวิชาเลือก
- 060163xx วิชาเลือกทางเทคโนโลยีสารสนเทศ 1 — 3 หน่วยกิต (3(3-0-6) หรือ 3(2-2-5))
รายการวิชาเลือกทางเทคโนโลยีสารสนเทศ 1 เป็นข้อกำหนดร่วมที่ไม่กำหนดรหัสรายวิชาจริง","[{""source_file"": ""IT-60.pdf"", ""pdf_page"": 38, ""printed_page"": 33}]",1196.52,True,200,,old-development
old-development,IT-2560-coop,IT-2560-coop-11,หลักสูตร IT 2560 สหกิจ: ปี 4 ภาคการศึกษาที่ 2 มีรายวิชาอะไรบ้าง,"IT พ.ศ. 2560 — ปี 4 ภาคการศึกษาที่ 2 — แผนสหกิจศึกษา
ข้อกำหนดวิชาเลือก
- 060163xx วิชาเลือกทางเทคโนโลยีสารสนเทศ 2 — 3 หน่วยกิต (3(3-0-6) หรือ 3(2-2-5))
รายวิชาตามข้อมูลที่นำเข้า
- 90401011 การประกอบการ — 3 หน่วยกิต
วิชาเลือกทางมนุษยศาสตร์
- 90xxxxxx วิชาเลือกทางมนุษยศาสตร์ 2 — 3 หน่วยกิต
วิชาเลือกทางวิทยาศาสตร์และคณิตศาสตร์
- 90xxxxxx วิชาเลือกทางวิทยาศาสตร์กับคณิตศาสตร์ 2 — 3 หน่วยกิต
วิชาเลือกเสรี
- xxxxxxxx วิชาเลือกเสรี 1 — 3 หน่วยกิต
- xxxxxxxx วิชาเลือกเสรี 2 — 3 หน่วยกิต","[{""source_file"": ""IT-60.pdf"", ""pdf_page"": 40, ""printed_page"": 35}]",1201.77,True,200,,old-development
old-development,IT-2560-coop,IT-2560-coop-12,หลักสูตร IT 2560 สหกิจ: ปี 2 ภาคการศึกษาที่ 2 มีรายวิชาอะไรบ้าง,"IT พ.ศ. 2560 — ปี 2 ภาคการศึกษาที่ 2 — แผนสหกิจศึกษา
กลุ่มหรือแขนงที่แสดงเป็นทางเลือก ไม่ใช่ให้เรียนรายวิชาของทุกกลุ่มพร้อมกัน
รายวิชาร่วมทุกกลุ่ม
- 06016304 ความน่าจะเป็นและสถิติ — 3 หน่วยกิต
- 06016306 การวิเคราะห์และออกแบบระบบสารสนเทศ — 3 หน่วยกิต
- 06016308 แนวคิดระบบฐานข้อมูล — 3 หน่วยกิต
- 90201026 ภาษาอังกฤษเพื่อการสื่อสาร — 3 หน่วยกิต
แขนงวิชาวิศวกรรมซอฟต์แวร์
- 06016321 วิศวกรรมซอฟต์แวร์ — 3 หน่วยกิต
- 06016322 การสร้างโปรแกรมเว็บ — 3 หน่วยกิต
แขนงวิชาเทคโนโลยีเครือข่ายและระบบ
- 06016331 เครือข่ายคอมพิวเตอร์ภาคปฏิบัติ — 3 หน่วยกิต
- 06016332 การเชื่อมต่อเครือข่ายสื่อสาร — 3 หน่วยกิต
แขนงวิชาการพัฒนาสื่อประสมและเกม
- 06016341 การโปรแกรมสื่อประสม — 3 หน่วยกิต
- 06016342 คอมพิวเตอร์กราฟิกส์และแอนิเมชัน — 3 หน่วยกิต
เลือกแผนตามแขนง ไม่บวกวิชาของทั้งสามแขนงพร้อมกัน","[{""source_file"": ""IT-60.pdf"", ""pdf_page"": 36, ""printed_page"": 31}]",1177.38,True,200,,old-development
old-development,IT-2560-no-coop,IT-2560-no-coop-1,หลักสูตร IT 2560 ไม่เข้าร่วมสหกิจ: วิชา 06016323 มีกี่หน่วยกิต,"IT-2560-no-coop: 06016323 การโปรแกรมอุปกรณ์เคลื่อนที่ (MOBILE DEVICE PROGRAMMING), 3 หน่วยกิต, L-P-S 2-2-5 (ที่มา: IT-60.pdf หน้า 30)","[{""source_file"": ""IT-60.pdf"", ""pdf_page"": 30, ""printed_page"": 25}]",1169.48,True,200,,old-development
old-development,IT-2560-no-coop,IT-2560-no-coop-2,หลักสูตร IT 2560 ไม่เข้าร่วมสหกิจ: วิชา 06016323 ชื่อวิชาอะไร,"IT-2560-no-coop: 06016323 การโปรแกรมอุปกรณ์เคลื่อนที่ (MOBILE DEVICE PROGRAMMING), 3 หน่วยกิต, L-P-S 2-2-5 (ที่มา: IT-60.pdf หน้า 30)","[{""source_file"": ""IT-60.pdf"", ""pdf_page"": 30, ""printed_page"": 25}]",1161.87,True,200,,old-development
old-development,IT-2560-no-coop,IT-2560-no-coop-3,หลักสูตร IT 2560 ไม่เข้าร่วมสหกิจ: วิชา 06016323 มีวิชาบังคับก่อนอะไร,"IT-2560-no-coop: วิชา 06016323 — วิชาบังคับก่อนที่ระบุคือ 06016317
ยังสรุปไม่ได้ว่าสามารถลงทะเบียนเมื่อยังไม่ผ่านวิชาบังคับก่อนได้หรือไม่ เพราะยังไม่มีหลักฐานข้อยกเว้นการลงทะเบียนที่ตรวจยืนยัน ต้องตรวจข้อบังคับหรือสอบถามฝ่ายทะเบียน","[{""source_file"": ""IT-60.pdf"", ""pdf_page"": 233, ""printed_page"": 228}]",1247.25,True,200,,old-development
old-development,IT-2560-no-coop,IT-2560-no-coop-4,หลักสูตร IT 2560 ไม่เข้าร่วมสหกิจ: วิชา 06016323 มีวิชาบังคับก่อนอะไร ถ้ายังไม่ผ่านลงทะเบียนได้หรือไม่,"IT-2560-no-coop: วิชา 06016323 — วิชาบังคับก่อนที่ระบุคือ 06016317
ยังสรุปไม่ได้ว่าสามารถลงทะเบียนเมื่อยังไม่ผ่านวิชาบังคับก่อนได้หรือไม่ เพราะยังไม่มีหลักฐานข้อยกเว้นการลงทะเบียนที่ตรวจยืนยัน ต้องตรวจข้อบังคับหรือสอบถามฝ่ายทะเบียน","[{""source_file"": ""IT-60.pdf"", ""pdf_page"": 233, ""printed_page"": 228}]",1214.43,True,200,,old-development
old-development,IT-2560-no-coop,IT-2560-no-coop-5,หลักสูตร IT 2560 ไม่เข้าร่วมสหกิจ: วิชา 09999999 มีรายละเอียดอะไร,ยังยืนยันข้อมูลที่ถามไม่ได้จากฐานข้อมูลที่ค้น: IT-2560-no-coop ข้อมูลที่นำเข้าอาจไม่ครบ จึงยังสรุปไม่ได้ว่ารายวิชาหรือเงื่อนไขนี้ไม่มีในเล่มหลักสูตร,[],1427.72,True,200,,old-development
old-development,IT-2560-no-coop,IT-2560-no-coop-6,หลักสูตร IT 2560 ไม่เข้าร่วมสหกิจ: วิชาการโปรแกรมอุปกรณ์เคลื่อนที่มีกี่หน่วยกิต,"IT-2560-no-coop: 06016323 การโปรแกรมอุปกรณ์เคลื่อนที่ (MOBILE DEVICE PROGRAMMING), 3 หน่วยกิต, L-P-S 2-2-5 (ที่มา: IT-60.pdf หน้า 30)","[{""source_file"": ""IT-60.pdf"", ""pdf_page"": 30, ""printed_page"": 25}]",1447.82,True,200,,old-development
old-development,IT-2560-no-coop,IT-2560-no-coop-7,หลักสูตร IT 2560 ไม่เข้าร่วมสหกิจ: วิชาการโปรแกรมอุปกรณ์เคลื่อนที่มีวิชาบังคับก่อนอะไร,"IT-2560-no-coop: วิชา 06016323 — วิชาบังคับก่อนที่ระบุคือ 06016317
ยังสรุปไม่ได้ว่าสามารถลงทะเบียนเมื่อยังไม่ผ่านวิชาบังคับก่อนได้หรือไม่ เพราะยังไม่มีหลักฐานข้อยกเว้นการลงทะเบียนที่ตรวจยืนยัน ต้องตรวจข้อบังคับหรือสอบถามฝ่ายทะเบียน","[{""source_file"": ""IT-60.pdf"", ""pdf_page"": 233, ""printed_page"": 228}]",2740.3,True,200,,old-development
old-development,IT-2560-no-coop,IT-2560-no-coop-8,หลักสูตร IT 2560 ไม่เข้าร่วมสหกิจ: วิชาการเขียนโปรแกรมมีกี่หน่วยกิต,"พบหลายรายวิชาที่ตรงกับชื่อที่ค้น โปรดระบุรหัสวิชาที่ต้องการก่อนตอบรายละเอียด:
IT-2560-no-coop: 06016315 การสร้างโปรแกรมคอมพิวเตอร์
IT-2560-no-coop: 06016317 การสร้างโปรแกรมเชิงอ็อบเจกต์
IT-2560-no-coop: 06016322 การสร้างโปรแกรมเว็บ
IT-2560-no-coop: 06016323 การโปรแกรมอุปกรณ์เคลื่อนที่
IT-2560-no-coop: 06016325 การโปรแกรมเชิงบริการ
IT-2560-no-coop: 06016341 การโปรแกรมสื่อประสม","[{""source_file"": ""IT-60.pdf"", ""pdf_page"": 28, ""printed_page"": 23}, {""source_file"": ""IT-60.pdf"", ""pdf_page"": 29, ""printed_page"": 24}, {""source_file"": ""IT-60.pdf"", ""pdf_page"": 30, ""printed_page"": 25}]",2745.75,True,200,,old-development
old-development,IT-2560-no-coop,IT-2560-no-coop-9,หลักสูตร IT 2560 ไม่เข้าร่วมสหกิจ: ปี 3 ภาคการศึกษาที่ 1 มีรายวิชาอะไรบ้าง,"IT พ.ศ. 2560 — ปี 3 ภาคการศึกษาที่ 1 — แผนไม่สหกิจศึกษา
กลุ่มหรือแขนงที่แสดงเป็นทางเลือก ไม่ใช่ให้เรียนรายวิชาของทุกกลุ่มพร้อมกัน
รายวิชาร่วมทุกกลุ่ม
- 06016309 ความมั่นคงของระบบสารสนเทศและกฎหมายไอที — 3 หน่วยกิต
- 06016310 การออกแบบส่วนต่อประสานกับมนุษย์ — 3 หน่วยกิต
- 90304004 การเขียนรายงาน — 3 หน่วยกิต
แขนงวิชาวิศวกรรมซอฟต์แวร์
- 06016323 การโปรแกรมอุปกรณ์เคลื่อนที่ — 3 หน่วยกิต
- 06016324 วิศวกรรมความต้องการ — 3 หน่วยกิต
- 06016325 การโปรแกรมเชิงบริการ — 3 หน่วยกิต
แขนงวิชาเทคโนโลยีเครือข่ายและระบบ
- 06016333 เทคโนโลยีการให้บริการอินเตอร์เน็ต — 3 หน่วยกิต
- 06016334 เทคโนโลยีเครือข่ายไร้สาย — 3 หน่วยกิต
- 06016335 เทคโนโลยีกลุ่มเมฆเบื้องต้น — 3 หน่วยกิต
แขนงวิชาการพัฒนาสื่อประสมและเกม
- 06016343 การออกแบบและพัฒนาเกม — 3 หน่วยกิต
- 06016344 หลักการออกแบบกราฟิกส์ — 3 หน่วยกิต
- 06016345 คอมพิวเตอร์แอนิเมชันสามมิติ — 3 หน่วยกิต
เลือกแผนตามแขนง ไม่บวกวิชาของทั้งสามแขนงพร้อมกัน","[{""source_file"": ""IT-60.pdf"", ""pdf_page"": 30, ""printed_page"": 25}]",2153.8,True,200,,old-development
old-development,IT-2560-no-coop,IT-2560-no-coop-10,หลักสูตร IT 2560 ไม่เข้าร่วมสหกิจ: ปี 3 ภาคการศึกษาที่ 2 มีรายวิชาอะไรบ้าง,"IT พ.ศ. 2560 — ปี 3 ภาคการศึกษาที่ 2 — แผนไม่สหกิจศึกษา
กลุ่มหรือแขนงที่แสดงเป็นทางเลือก ไม่ใช่ให้เรียนรายวิชาของทุกกลุ่มพร้อมกัน
รายวิชาร่วมทุกกลุ่ม
- 06016307 การบริหารโครงการเทคโนโลยีสารสนเทศ — 3 หน่วยกิต
- 06016318 สัมมนาทางด้านทักษะการสื่อสารในวิชาชีพ — 1 หน่วยกิต
แขนงวิชาวิศวกรรมซอฟต์แวร์
- 06016326 การทวนสอบและตรวจสอบซอฟต์แวร์ — 3 หน่วยกิต
- 06016327 การพัฒนาคลาวด์แอปพลิเคชันระดับองค์กร — 3 หน่วยกิต
- 06016328 เครื่องมือและสภาพแวดล้อมสำหรับการพัฒนาซอฟต์แวร์ — 3 หน่วยกิต
แขนงวิชาเทคโนโลยีเครือข่ายและระบบ
- 06016336 การจัดการเครือข่ายและโครงสร้างพื้นฐานเทคโนโลยีสารสนเทศ — 3 หน่วยกิต
- 06016337 ประสิทธิภาพเครือข่าย — 3 หน่วยกิต
- 06016338 การออกแบบเครือข่ายเบื้องต้น — 3 หน่วยกิต
แขนงวิชาการพัฒนาสื่อประสมและเกม
- 06016346 การออกแบบและพัฒนาเว็บ — 3 หน่วยกิต
- 06016347 พื้นฐานการเล่าเรื่องและถ่ายภาพยนตร์ดิจิทัล — 3 หน่วยกิต
- 06016348 การพัฒนาเกมขั้นสูง — 3 หน่วยกิต
ข้อกำหนดวิชาเลือก
- 060163xx วิชาเลือกทางเทคโนโลยีสารสนเทศ 1 — 3 หน่วยกิต (3(3-0-6) หรือ 3(2-2-5))
รายการวิชาเลือกทางเทคโนโลยีสารสนเทศ 1 เป็นข้อกำหนดร่วมที่ไม่กำหนดรหัสรายวิชาจริง","[{""source_file"": ""IT-60.pdf"", ""pdf_page"": 31, ""printed_page"": 26}]",2386.79,True,200,,old-development
old-development,IT-2560-no-coop,IT-2560-no-coop-11,หลักสูตร IT 2560 ไม่เข้าร่วมสหกิจ: ปี 4 ภาคการศึกษาที่ 1 มีรายวิชาอะไรบ้าง,"IT พ.ศ. 2560 — ปี 4 ภาคการศึกษาที่ 1 — แผนไม่สหกิจศึกษา
กลุ่มหรือแขนงที่แสดงเป็นทางเลือก ไม่ใช่ให้เรียนรายวิชาของทุกกลุ่มพร้อมกัน
แขนงวิชาวิศวกรรมซอฟต์แวร์
- 06016329 โครงงานทางด้านวิศวกรรมซอฟต์แวร์ 1 — 3 หน่วยกิต
แขนงวิชาเทคโนโลยีเครือข่ายและระบบ
- 06016339 โครงงานทางด้านเทคโนโลยีเครือข่ายและระบบ 1 — 3 หน่วยกิต
แขนงวิชาการพัฒนาสื่อประสมและเกม
- 06016349 โครงงานทางด้านการพัฒนาสื่อประสมและเกม 1 — 3 หน่วยกิต
ข้อกำหนดวิชาเลือก
- 060163xx วิชาเลือกทางเทคโนโลยีสารสนเทศ 2 — 3 หน่วยกิต (3(3-0-6) หรือ 3(2-2-5))
วิชาเลือกทางมนุษยศาสตร์
- 90xxxxxx วิชาเลือกทางมนุษยศาสตร์ 2 — 3 หน่วยกิต
วิชาเลือกทางวิทยาศาสตร์และคณิตศาสตร์
- 90xxxxxx วิชาเลือกทางวิทยาศาสตร์กับคณิตศาสตร์ 2 — 3 หน่วยกิต
วิชาเลือกเสรี
- xxxxxxxx วิชาเลือกเสรี 1 — 3 หน่วยกิต
- xxxxxxxx วิชาเลือกเสรี 2 — 3 หน่วยกิต
ในแผนสหกิจศึกษา เลือกสหกิจในประเทศหรือสหกิจต่างประเทศของแขนงเดียวกัน ไม่บวกทุกตัวเลือก","[{""source_file"": ""IT-60.pdf"", ""pdf_page"": 32, ""printed_page"": 27}]",1507.48,True,200,,old-development
old-development,IT-2560-no-coop,IT-2560-no-coop-12,หลักสูตร IT 2560 ไม่เข้าร่วมสหกิจ: ปี 2 ภาคการศึกษาที่ 2 มีรายวิชาอะไรบ้าง,"IT พ.ศ. 2560 — ปี 2 ภาคการศึกษาที่ 2 — แผนไม่สหกิจศึกษา
กลุ่มหรือแขนงที่แสดงเป็นทางเลือก ไม่ใช่ให้เรียนรายวิชาของทุกกลุ่มพร้อมกัน
รายวิชาร่วมทุกกลุ่ม
- 06016304 ความน่าจะเป็นและสถิติ — 3 หน่วยกิต
- 06016306 การวิเคราะห์และออกแบบระบบสารสนเทศ — 3 หน่วยกิต
- 06016308 แนวคิดระบบฐานข้อมูล — 3 หน่วยกิต
- 90201026 ภาษาอังกฤษเพื่อการสื่อสาร — 3 หน่วยกิต
แขนงวิชาวิศวกรรมซอฟต์แวร์
- 06016321 วิศวกรรมซอฟต์แวร์ — 3 หน่วยกิต
- 06016322 การสร้างโปรแกรมเว็บ — 3 หน่วยกิต
แขนงวิชาเทคโนโลยีเครือข่ายและระบบ
- 06016331 เครือข่ายคอมพิวเตอร์ภาคปฏิบัติ — 3 หน่วยกิต
- 06016332 การเชื่อมต่อเครือข่ายสื่อสาร — 3 หน่วยกิต
แขนงวิชาการพัฒนาสื่อประสมและเกม
- 06016341 การโปรแกรมสื่อประสม — 3 หน่วยกิต
- 06016342 คอมพิวเตอร์กราฟิกส์และแอนิเมชัน — 3 หน่วยกิต
เลือกแผนตามแขนง ไม่บวกวิชาของทั้งสามแขนงพร้อมกัน","[{""source_file"": ""IT-60.pdf"", ""pdf_page"": 29, ""printed_page"": 24}]",1521.37,True,200,,old-development
old-development,BIT-2560-coop,BIT-2560-coop-1,หลักสูตร BIT 2560 สหกิจ: วิชา 06036010 มีกี่หน่วยกิต,"BIT-2560-coop: 06036010 กระบวนการธุรกิจและการวางแผนทรัพยากรองค์กร (BUSINESS PROCESSES AND ENTERPRISE RESOURCE PLANNING), 3 หน่วยกิต, L-P-S 2-2-5 (ที่มา: BIT-60.pdf หน้า 29)","[{""source_file"": ""BIT-60.pdf"", ""pdf_page"": 29, ""printed_page"": 24}]",1159.95,True,200,,old-development
old-development,BIT-2560-coop,BIT-2560-coop-2,หลักสูตร BIT 2560 สหกิจ: วิชา 06036010 มีวิชาบังคับก่อนอะไร,"BIT-2560-coop: วิชา 06036010 — วิชาบังคับก่อนที่ระบุคือ 06036006
ยังสรุปไม่ได้ว่าสามารถลงทะเบียนเมื่อยังไม่ผ่านวิชาบังคับก่อนได้หรือไม่ เพราะยังไม่มีหลักฐานข้อยกเว้นการลงทะเบียนที่ตรวจยืนยัน ต้องตรวจข้อบังคับหรือสอบถามฝ่ายทะเบียน","[{""source_file"": ""BIT-60.pdf"", ""pdf_page"": 174, ""printed_page"": 97}]",1145.1,True,200,,old-development
old-development,BIT-2560-coop,BIT-2560-coop-3,หลักสูตร BIT 2560 สหกิจ: วิชา 06036010 เรียนกี่หน่วยกิต,"BIT-2560-coop: 06036010 กระบวนการธุรกิจและการวางแผนทรัพยากรองค์กร (BUSINESS PROCESSES AND ENTERPRISE RESOURCE PLANNING), 3 หน่วยกิต, L-P-S 2-2-5 (ที่มา: BIT-60.pdf หน้า 29)","[{""source_file"": ""BIT-60.pdf"", ""pdf_page"": 29, ""printed_page"": 24}]",1117.61,True,200,,old-development
old-development,BIT-2560-coop,BIT-2560-coop-4,หลักสูตร BIT 2560 สหกิจ: วิชา 06036010 มีวิชาบังคับก่อนอะไร ถ้ายังไม่ผ่านลงทะเบียนได้หรือไม่,"BIT-2560-coop: วิชา 06036010 — วิชาบังคับก่อนที่ระบุคือ 06036006
ยังสรุปไม่ได้ว่าสามารถลงทะเบียนเมื่อยังไม่ผ่านวิชาบังคับก่อนได้หรือไม่ เพราะยังไม่มีหลักฐานข้อยกเว้นการลงทะเบียนที่ตรวจยืนยัน ต้องตรวจข้อบังคับหรือสอบถามฝ่ายทะเบียน","[{""source_file"": ""BIT-60.pdf"", ""pdf_page"": 174, ""printed_page"": 97}]",1100.12,True,200,,old-development
old-development,BIT-2560-coop,BIT-2560-coop-5,หลักสูตร BIT 2560 สหกิจ: วิชา 09999999 มีรายละเอียดอะไร,ยังยืนยันข้อมูลที่ถามไม่ได้จากฐานข้อมูลที่ค้น: BIT-2560-coop ข้อมูลที่นำเข้าอาจไม่ครบ จึงยังสรุปไม่ได้ว่ารายวิชาหรือเงื่อนไขนี้ไม่มีในเล่มหลักสูตร,[],1175.3,True,200,,old-development
old-development,BIT-2560-coop,BIT-2560-coop-6,หลักสูตร BIT 2560 สหกิจ: วิชากระบวนการธุรกิจและการวางแผนทรัพยากรองค์กรมีกี่หน่วยกิต,"BIT-2560-coop: 06036010 กระบวนการธุรกิจและการวางแผนทรัพยากรองค์กร (BUSINESS PROCESSES AND ENTERPRISE RESOURCE PLANNING), 3 หน่วยกิต, L-P-S 2-2-5 (ที่มา: BIT-60.pdf หน้า 29)","[{""source_file"": ""BIT-60.pdf"", ""pdf_page"": 29, ""printed_page"": 24}]",1145.08,True,200,,old-development
old-development,BIT-2560-coop,BIT-2560-coop-7,หลักสูตร BIT 2560 สหกิจ: วิชากระบวนการธุรกิจและการวางแผนทรัพยากรองค์กรมีวิชาบังคับก่อนอะไร,"BIT-2560-coop: วิชา 06036010 — วิชาบังคับก่อนที่ระบุคือ 06036006
ยังสรุปไม่ได้ว่าสามารถลงทะเบียนเมื่อยังไม่ผ่านวิชาบังคับก่อนได้หรือไม่ เพราะยังไม่มีหลักฐานข้อยกเว้นการลงทะเบียนที่ตรวจยืนยัน ต้องตรวจข้อบังคับหรือสอบถามฝ่ายทะเบียน","[{""source_file"": ""BIT-60.pdf"", ""pdf_page"": 174, ""printed_page"": 97}]",1129.28,True,200,,old-development
old-development,BIT-2560-coop,BIT-2560-coop-8,หลักสูตร BIT 2560 สหกิจ: ปี 3 ภาคการศึกษาที่ 1 มีรายวิชาอะไรบ้าง,"BIT พ.ศ. 2560 — ปี 3 ภาคการศึกษาที่ 1 — แผนสหกิจศึกษา
รายวิชาตามข้อมูลที่นำเข้า
- 06036007 การบริหารโครงการเทคโนโลยีสารสนเทศ — 3 หน่วยกิต
- 06036009 เศรษฐศาสตร์เทคโนโลยีสารสนเทศ — 3 หน่วยกิต
- 06036010 กระบวนการธุรกิจและการวางแผนทรัพยากรองค์กร — 3 หน่วยกิต
- 06036014 ความมั่นคงของระบบสารสนเทศและกฎหมายไอที — 3 หน่วยกิต
- 06036025 เทคโนโลยีเชิงอ็อบเจกต์ — 3 หน่วยกิต
ข้อกำหนดวิชาเลือก
- 060360xx วิชาเลือกทางเทคโนโลยีสารสนเทศทางธุรกิจ 1 — 3 หน่วยกิต (3(3-0-6) หรือ 3(2-2-5))","[{""source_file"": ""BIT-60.pdf"", ""pdf_page"": 29, ""printed_page"": 24}]",1193.24,True,200,,old-development
old-development,BIT-2560-coop,BIT-2560-coop-9,หลักสูตร BIT 2560 สหกิจ: ปี 4 ภาคการศึกษาที่ 2 มีรายวิชาอะไรบ้าง,"BIT พ.ศ. 2560 — ปี 4 ภาคการศึกษาที่ 2 — แผนสหกิจศึกษา
รายวิชาตามข้อมูลที่นำเข้า
- 06036086 หลักปรัชญาแห่งวิทยาศาสตร์ — 3 หน่วยกิต
- 06036088 การคิดอย่างสร้างสรรค์ — 3 หน่วยกิต
วิชาเลือกเสรี
- xxxxxxxx วิชาเลือกเสรี 1 — 3 หน่วยกิต
- xxxxxxxx วิชาเลือกเสรี 2 — 3 หน่วยกิต","[{""source_file"": ""BIT-60.pdf"", ""pdf_page"": 30, ""printed_page"": 25}]",1193.34,True,200,,old-development
old-development,BIT-2560-coop,BIT-2560-coop-10,หลักสูตร BIT 2560 สหกิจ: ปี 4 ภาคการศึกษาที่ 1 มีรายวิชาอะไรบ้าง,"BIT พ.ศ. 2560 — ปี 4 ภาคการศึกษาที่ 1 — แผนสหกิจศึกษา
รายวิชาตามข้อมูลที่นำเข้า
รายวิชาที่อยู่ในชุดตัวเลือก “หรือ” เดียวกันให้เลือกเพียงหนึ่งตัวเลือก
- 06036046 สหกิจศึกษา — 6 หน่วยกิต
- 06036047 สหกิจศึกษาต่างประเทศ — 6 หน่วยกิต","[{""source_file"": ""BIT-60.pdf"", ""pdf_page"": 30, ""printed_page"": 25}]",1154.47,True,200,,old-development
old-development,BIT-2560-no-coop,BIT-2560-no-coop-1,หลักสูตร BIT 2560 ไม่เข้าร่วมสหกิจ: วิชา 06036010 มีกี่หน่วยกิต,"BIT-2560-no-coop: 06036010 กระบวนการธุรกิจและการวางแผนทรัพยากรองค์กร (BUSINESS PROCESSES AND ENTERPRISE RESOURCE PLANNING), 3 หน่วยกิต, L-P-S 2-2-5 (ที่มา: BIT-60.pdf หน้า 25)","[{""source_file"": ""BIT-60.pdf"", ""pdf_page"": 25, ""printed_page"": 20}]",1148.26,True,200,,old-development
old-development,BIT-2560-no-coop,BIT-2560-no-coop-2,หลักสูตร BIT 2560 ไม่เข้าร่วมสหกิจ: วิชา 06036010 มีวิชาบังคับก่อนอะไร,"BIT-2560-no-coop: วิชา 06036010 — วิชาบังคับก่อนที่ระบุคือ 06036006
ยังสรุปไม่ได้ว่าสามารถลงทะเบียนเมื่อยังไม่ผ่านวิชาบังคับก่อนได้หรือไม่ เพราะยังไม่มีหลักฐานข้อยกเว้นการลงทะเบียนที่ตรวจยืนยัน ต้องตรวจข้อบังคับหรือสอบถามฝ่ายทะเบียน","[{""source_file"": ""BIT-60.pdf"", ""pdf_page"": 174, ""printed_page"": 97}]",1185.96,True,200,,old-development
old-development,BIT-2560-no-coop,BIT-2560-no-coop-3,หลักสูตร BIT 2560 ไม่เข้าร่วมสหกิจ: วิชา 06036010 เรียนกี่หน่วยกิต,"BIT-2560-no-coop: 06036010 กระบวนการธุรกิจและการวางแผนทรัพยากรองค์กร (BUSINESS PROCESSES AND ENTERPRISE RESOURCE PLANNING), 3 หน่วยกิต, L-P-S 2-2-5 (ที่มา: BIT-60.pdf หน้า 25)","[{""source_file"": ""BIT-60.pdf"", ""pdf_page"": 25, ""printed_page"": 20}]",2202.75,True,200,,old-development
old-development,BIT-2560-no-coop,BIT-2560-no-coop-4,หลักสูตร BIT 2560 ไม่เข้าร่วมสหกิจ: วิชา 06036010 มีวิชาบังคับก่อนอะไร ถ้ายังไม่ผ่านลงทะเบียนได้หรือไม่,"BIT-2560-no-coop: วิชา 06036010 — วิชาบังคับก่อนที่ระบุคือ 06036006
ยังสรุปไม่ได้ว่าสามารถลงทะเบียนเมื่อยังไม่ผ่านวิชาบังคับก่อนได้หรือไม่ เพราะยังไม่มีหลักฐานข้อยกเว้นการลงทะเบียนที่ตรวจยืนยัน ต้องตรวจข้อบังคับหรือสอบถามฝ่ายทะเบียน","[{""source_file"": ""BIT-60.pdf"", ""pdf_page"": 174, ""printed_page"": 97}]",1173.53,True,200,,old-development
old-development,BIT-2560-no-coop,BIT-2560-no-coop-5,หลักสูตร BIT 2560 ไม่เข้าร่วมสหกิจ: วิชา 09999999 มีรายละเอียดอะไร,ยังยืนยันข้อมูลที่ถามไม่ได้จากฐานข้อมูลที่ค้น: BIT-2560-no-coop ข้อมูลที่นำเข้าอาจไม่ครบ จึงยังสรุปไม่ได้ว่ารายวิชาหรือเงื่อนไขนี้ไม่มีในเล่มหลักสูตร,[],1407.81,True,200,,old-development
old-development,BIT-2560-no-coop,BIT-2560-no-coop-6,หลักสูตร BIT 2560 ไม่เข้าร่วมสหกิจ: วิชากระบวนการธุรกิจและการวางแผนทรัพยากรองค์กรมีกี่หน่วยกิต,"BIT-2560-no-coop: 06036010 กระบวนการธุรกิจและการวางแผนทรัพยากรองค์กร (BUSINESS PROCESSES AND ENTERPRISE RESOURCE PLANNING), 3 หน่วยกิต, L-P-S 2-2-5 (ที่มา: BIT-60.pdf หน้า 25)","[{""source_file"": ""BIT-60.pdf"", ""pdf_page"": 25, ""printed_page"": 20}]",1196.43,True,200,,old-development
old-development,BIT-2560-no-coop,BIT-2560-no-coop-7,หลักสูตร BIT 2560 ไม่เข้าร่วมสหกิจ: วิชากระบวนการธุรกิจและการวางแผนทรัพยากรองค์กรมีวิชาบังคับก่อนอะไร,"BIT-2560-no-coop: วิชา 06036010 — วิชาบังคับก่อนที่ระบุคือ 06036006
ยังสรุปไม่ได้ว่าสามารถลงทะเบียนเมื่อยังไม่ผ่านวิชาบังคับก่อนได้หรือไม่ เพราะยังไม่มีหลักฐานข้อยกเว้นการลงทะเบียนที่ตรวจยืนยัน ต้องตรวจข้อบังคับหรือสอบถามฝ่ายทะเบียน","[{""source_file"": ""BIT-60.pdf"", ""pdf_page"": 174, ""printed_page"": 97}]",1124.32,True,200,,old-development
old-development,BIT-2560-no-coop,BIT-2560-no-coop-8,หลักสูตร BIT 2560 ไม่เข้าร่วมสหกิจ: ปี 3 ภาคการศึกษาที่ 1 มีรายวิชาอะไรบ้าง,"BIT พ.ศ. 2560 — ปี 3 ภาคการศึกษาที่ 1 — แผนไม่สหกิจศึกษา
รายวิชาตามข้อมูลที่นำเข้า
- 06036007 การบริหารโครงการเทคโนโลยีสารสนเทศ — 3 หน่วยกิต
- 06036009 เศรษฐศาสตร์เทคโนโลยีสารสนเทศ — 3 หน่วยกิต
- 06036010 กระบวนการธุรกิจและการวางแผนทรัพยากรองค์กร — 3 หน่วยกิต
- 06036014 ความมั่นคงของระบบสารสนเทศและกฎหมายไอที — 3 หน่วยกิต
- 06036025 เทคโนโลยีเชิงอ็อบเจกต์ — 3 หน่วยกิต
ข้อกำหนดวิชาเลือก
- 060360xx วิชาเลือกทางเทคโนโลยีสารสนเทศทางธุรกิจ 1 — 3 หน่วยกิต (3(3-0-6) หรือ 3(2-2-5))","[{""source_file"": ""BIT-60.pdf"", ""pdf_page"": 25, ""printed_page"": 20}]",1148.39,True,200,,old-development
old-development,BIT-2560-no-coop,BIT-2560-no-coop-9,หลักสูตร BIT 2560 ไม่เข้าร่วมสหกิจ: ปี 4 ภาคการศึกษาที่ 2 มีรายวิชาอะไรบ้าง,"BIT พ.ศ. 2560 — ปี 4 ภาคการศึกษาที่ 2 — แผนไม่สหกิจศึกษา
รายวิชาตามข้อมูลที่นำเข้า
- 06036020 โครงงาน 2 — 3 หน่วยกิต
- 06036088 การคิดอย่างสร้างสรรค์ — 3 หน่วยกิต
วิชาเลือกเสรี
- xxxxxxx วิชาเลือกเสรี 2 — 3 หน่วยกิต","[{""source_file"": ""BIT-60.pdf"", ""pdf_page"": 26, ""printed_page"": 21}]",1163.64,True,200,,old-development
old-development,BIT-2560-no-coop,BIT-2560-no-coop-10,หลักสูตร BIT 2560 ไม่เข้าร่วมสหกิจ: ปี 4 ภาคการศึกษาที่ 1 มีรายวิชาอะไรบ้าง,"BIT พ.ศ. 2560 — ปี 4 ภาคการศึกษาที่ 1 — แผนไม่สหกิจศึกษา
รายวิชาตามข้อมูลที่นำเข้า
- 06036019 โครงงาน 1 — 3 หน่วยกิต
- 06036086 หลักปรัชญาแห่งวิทยาศาสตร์ — 3 หน่วยกิต
วิชาเลือกเสรี
- xxxxxxx วิชาเลือกเสรี 1 — 3 หน่วยกิต","[{""source_file"": ""BIT-60.pdf"", ""pdf_page"": 26, ""printed_page"": 21}]",1203.38,True,200,,old-development
frozen,AI-2566-coop,AI-2566-coop/H01/1,AI-2566-coop: รายวิชารหัส 06046402 มีชื่อภาษาไทยว่าอะไร,"AI-2566-coop: 06046402 พีชคณิตเชิงเส้น (LINEAR ALGEBRA), 3 หน่วยกิต, L-P-S 3-0-6 (ที่มา: AI.pdf หน้า 23)","[{""source_file"": ""AI.pdf"", ""pdf_page"": 23, ""printed_page"": null}]",597.76,True,200,,frozen
frozen,AI-2566-coop,AI-2566-coop/H01/2,AI-2566-coop: รายวิชารหัส 06046402 มีชื่อภาษาไทยว่าอะไร,"AI-2566-coop: 06046402 พีชคณิตเชิงเส้น (LINEAR ALGEBRA), 3 หน่วยกิต, L-P-S 3-0-6 (ที่มา: AI.pdf หน้า 23)","[{""source_file"": ""AI.pdf"", ""pdf_page"": 23, ""printed_page"": null}]",581.08,True,200,,frozen
frozen,AI-2566-coop,AI-2566-coop/H01/3,AI-2566-coop: รายวิชารหัส 06046402 มีชื่อภาษาไทยว่าอะไร,"AI-2566-coop: 06046402 พีชคณิตเชิงเส้น (LINEAR ALGEBRA), 3 หน่วยกิต, L-P-S 3-0-6 (ที่มา: AI.pdf หน้า 23)","[{""source_file"": ""AI.pdf"", ""pdf_page"": 23, ""printed_page"": null}]",674.08,True,200,,frozen
frozen,AI-2566-coop,AI-2566-coop/H02/1,AI-2566-coop: จำนวนหน่วยกิตของรหัส 06046411 เท่ากับเท่าไร,"AI-2566-coop: 06046411 การวิเคราะห์และเพิ่มประสิทธิภาพเครือข่าย (NETWORK ANALYSIS AND OPTIMIZATION), 3 หน่วยกิต, L-P-S 3-0-6 (ที่มา: AI.pdf หน้า 24)","[{""source_file"": ""AI.pdf"", ""pdf_page"": 24, ""printed_page"": null}]",917.49,True,200,,frozen
frozen,AI-2566-coop,AI-2566-coop/H02/2,AI-2566-coop: จำนวนหน่วยกิตของรหัส 06046411 เท่ากับเท่าไร,"AI-2566-coop: 06046411 การวิเคราะห์และเพิ่มประสิทธิภาพเครือข่าย (NETWORK ANALYSIS AND OPTIMIZATION), 3 หน่วยกิต, L-P-S 3-0-6 (ที่มา: AI.pdf หน้า 24)","[{""source_file"": ""AI.pdf"", ""pdf_page"": 24, ""printed_page"": null}]",690.8,True,200,,frozen
frozen,AI-2566-coop,AI-2566-coop/H02/3,AI-2566-coop: จำนวนหน่วยกิตของรหัส 06046411 เท่ากับเท่าไร,"AI-2566-coop: 06046411 การวิเคราะห์และเพิ่มประสิทธิภาพเครือข่าย (NETWORK ANALYSIS AND OPTIMIZATION), 3 หน่วยกิต, L-P-S 3-0-6 (ที่มา: AI.pdf หน้า 24)","[{""source_file"": ""AI.pdf"", ""pdf_page"": 24, ""printed_page"": null}]",747.49,True,200,,frozen
frozen,AI-2566-coop,AI-2566-coop/H03/1,AI-2566-coop: รายวิชารหัส 06066001 มีชื่อภาษาไทยว่าอะไร,"AI-2566-coop: 06066001 ความน่าจะเป็นและสถิติ (PROBABILITY AND STATISTICS), 3 หน่วยกิต, L-P-S 3-0-6 (ที่มา: AI.pdf หน้า 23)","[{""source_file"": ""AI.pdf"", ""pdf_page"": 23, ""printed_page"": null}]",625.2,True,200,,frozen
frozen,AI-2566-coop,AI-2566-coop/H03/2,AI-2566-coop: รายวิชารหัส 06066001 มีชื่อภาษาไทยว่าอะไร,"AI-2566-coop: 06066001 ความน่าจะเป็นและสถิติ (PROBABILITY AND STATISTICS), 3 หน่วยกิต, L-P-S 3-0-6 (ที่มา: AI.pdf หน้า 23)","[{""source_file"": ""AI.pdf"", ""pdf_page"": 23, ""printed_page"": null}]",593.25,True,200,,frozen
frozen,AI-2566-coop,AI-2566-coop/H03/3,AI-2566-coop: รายวิชารหัส 06066001 มีชื่อภาษาไทยว่าอะไร,"AI-2566-coop: 06066001 ความน่าจะเป็นและสถิติ (PROBABILITY AND STATISTICS), 3 หน่วยกิต, L-P-S 3-0-6 (ที่มา: AI.pdf หน้า 23)","[{""source_file"": ""AI.pdf"", ""pdf_page"": 23, ""printed_page"": null}]",601.97,True,200,,frozen
frozen,AI-2566-coop,AI-2566-coop/H04/1,AI-2566-coop: จำนวนหน่วยกิตของรหัส 90641009 เท่ากับเท่าไร,"AI-2566-coop: 90641009 ทักษะการสื่อสารภาษาอังกฤษระหว่างวัฒนธรรม 1 (INTERCULTURAL COMMUNICATION SKILLS IN ENGLISH 1), 3 หน่วยกิต, L-P-S 3-0-6 (ที่มา: AI.pdf หน้า 24)","[{""source_file"": ""AI.pdf"", ""pdf_page"": 24, ""printed_page"": null}]",622.49,True,200,,frozen
frozen,AI-2566-coop,AI-2566-coop/H04/2,AI-2566-coop: จำนวนหน่วยกิตของรหัส 90641009 เท่ากับเท่าไร,"AI-2566-coop: 90641009 ทักษะการสื่อสารภาษาอังกฤษระหว่างวัฒนธรรม 1 (INTERCULTURAL COMMUNICATION SKILLS IN ENGLISH 1), 3 หน่วยกิต, L-P-S 3-0-6 (ที่มา: AI.pdf หน้า 24)","[{""source_file"": ""AI.pdf"", ""pdf_page"": 24, ""printed_page"": null}]",613.97,True,200,,frozen
frozen,AI-2566-coop,AI-2566-coop/H04/3,AI-2566-coop: จำนวนหน่วยกิตของรหัส 90641009 เท่ากับเท่าไร,"AI-2566-coop: 90641009 ทักษะการสื่อสารภาษาอังกฤษระหว่างวัฒนธรรม 1 (INTERCULTURAL COMMUNICATION SKILLS IN ENGLISH 1), 3 หน่วยกิต, L-P-S 3-0-6 (ที่มา: AI.pdf หน้า 24)","[{""source_file"": ""AI.pdf"", ""pdf_page"": 24, ""printed_page"": null}]",662.02,True,200,,frozen
frozen,AI-2566-coop,AI-2566-coop/H05/1,AI-2566-coop: ปี 2 ภาคเรียน 1 ต้องลงทะเบียนกี่วิชา,AI-2566-coop: 6 วิชา (ที่มา: AI.pdf หน้า 24),"[{""source_file"": ""AI.pdf"", ""pdf_page"": ""24"", ""printed_page"": null}]",662.79,True,200,,frozen
frozen,AI-2566-coop,AI-2566-coop/H05/2,AI-2566-coop: ปี 2 ภาคเรียน 1 ต้องลงทะเบียนกี่วิชา,AI-2566-coop: 6 วิชา (ที่มา: AI.pdf หน้า 24),"[{""source_file"": ""AI.pdf"", ""pdf_page"": ""24"", ""printed_page"": null}]",759.58,True,200,,frozen
frozen,AI-2566-coop,AI-2566-coop/H05/3,AI-2566-coop: ปี 2 ภาคเรียน 1 ต้องลงทะเบียนกี่วิชา,AI-2566-coop: 6 วิชา (ที่มา: AI.pdf หน้า 24),"[{""source_file"": ""AI.pdf"", ""pdf_page"": ""24"", ""printed_page"": null}]",835.9,True,200,,frozen
frozen,AI-2566-coop,AI-2566-coop/H06/1,AI-2566-coop: ปี 4 ภาคเรียน 2 ต้องลงทะเบียนกี่วิชา,AI-2566-coop: 1 วิชา (ที่มา: AI.pdf หน้า 26),"[{""source_file"": ""AI.pdf"", ""pdf_page"": ""26"", ""printed_page"": null}]",572.32,True,200,,frozen
frozen,AI-2566-coop,AI-2566-coop/H06/2,AI-2566-coop: ปี 4 ภาคเรียน 2 ต้องลงทะเบียนกี่วิชา,AI-2566-coop: 1 วิชา (ที่มา: AI.pdf หน้า 26),"[{""source_file"": ""AI.pdf"", ""pdf_page"": ""26"", ""printed_page"": null}]",624.85,True,200,,frozen
frozen,AI-2566-coop,AI-2566-coop/H06/3,AI-2566-coop: ปี 4 ภาคเรียน 2 ต้องลงทะเบียนกี่วิชา,AI-2566-coop: 1 วิชา (ที่มา: AI.pdf หน้า 26),"[{""source_file"": ""AI.pdf"", ""pdf_page"": ""26"", ""printed_page"": null}]",576.21,True,200,,frozen
frozen,AI-2566-coop,AI-2566-coop/H07/1,AI-2566-coop: โปรดแสดงรหัสทั้งหมดในแผนปี 2 ภาคเรียน 1,"AI พ.ศ. 2566 — ปี 2 ภาคการศึกษาที่ 1 — แผนสหกิจศึกษา
รายวิชาตามข้อมูลที่นำเข้า
- 06046405 การเรียนรู้ของเครื่องเชิงความน่าจะเป็น — 3 หน่วยกิต
- 06046406 พื้นฐานการเรียนรู้เชิงลึก — 3 หน่วยกิต
- 06046409 คอมพิวเตอร์วิทัศน์เบื้องต้น — 3 หน่วยกิต
- 06046413 ปัญญาประดิษฐ์และอินเทอร์เน็ตประสานสรรพสิ่ง — 3 หน่วยกิต
- 06066300 แนวคิดระบบฐานข้อมูล — 3 หน่วยกิต
วิชาศึกษาทั่วไป
- 90641009 ทักษะการสื่อสารภาษาอังกฤษระหว่างวัฒนธรรม 1 — 3 หน่วยกิต","[{""source_file"": ""AI.pdf"", ""pdf_page"": 24, ""printed_page"": null}]",581.9,True,200,,frozen
frozen,AI-2566-coop,AI-2566-coop/H07/2,AI-2566-coop: โปรดแสดงรหัสทั้งหมดในแผนปี 2 ภาคเรียน 1,"AI พ.ศ. 2566 — ปี 2 ภาคการศึกษาที่ 1 — แผนสหกิจศึกษา
รายวิชาตามข้อมูลที่นำเข้า
- 06046405 การเรียนรู้ของเครื่องเชิงความน่าจะเป็น — 3 หน่วยกิต
- 06046406 พื้นฐานการเรียนรู้เชิงลึก — 3 หน่วยกิต
- 06046409 คอมพิวเตอร์วิทัศน์เบื้องต้น — 3 หน่วยกิต
- 06046413 ปัญญาประดิษฐ์และอินเทอร์เน็ตประสานสรรพสิ่ง — 3 หน่วยกิต
- 06066300 แนวคิดระบบฐานข้อมูล — 3 หน่วยกิต
วิชาศึกษาทั่วไป
- 90641009 ทักษะการสื่อสารภาษาอังกฤษระหว่างวัฒนธรรม 1 — 3 หน่วยกิต","[{""source_file"": ""AI.pdf"", ""pdf_page"": 24, ""printed_page"": null}]",579.94,True,200,,frozen
frozen,AI-2566-coop,AI-2566-coop/H07/3,AI-2566-coop: โปรดแสดงรหัสทั้งหมดในแผนปี 2 ภาคเรียน 1,"AI พ.ศ. 2566 — ปี 2 ภาคการศึกษาที่ 1 — แผนสหกิจศึกษา
รายวิชาตามข้อมูลที่นำเข้า
- 06046405 การเรียนรู้ของเครื่องเชิงความน่าจะเป็น — 3 หน่วยกิต
- 06046406 พื้นฐานการเรียนรู้เชิงลึก — 3 หน่วยกิต
- 06046409 คอมพิวเตอร์วิทัศน์เบื้องต้น — 3 หน่วยกิต
- 06046413 ปัญญาประดิษฐ์และอินเทอร์เน็ตประสานสรรพสิ่ง — 3 หน่วยกิต
- 06066300 แนวคิดระบบฐานข้อมูล — 3 หน่วยกิต
วิชาศึกษาทั่วไป
- 90641009 ทักษะการสื่อสารภาษาอังกฤษระหว่างวัฒนธรรม 1 — 3 หน่วยกิต","[{""source_file"": ""AI.pdf"", ""pdf_page"": 24, ""printed_page"": null}]",573.65,True,200,,frozen
frozen,AI-2566-coop,AI-2566-coop/H08/1,AI-2566-coop: โปรดแสดงรหัสทั้งหมดในแผนปี 4 ภาคเรียน 2,"AI พ.ศ. 2566 — ปี 4 ภาคการศึกษาที่ 2 — แผนสหกิจศึกษา
รายวิชาตามข้อมูลที่นำเข้า
รายวิชาที่อยู่ในชุดตัวเลือก “หรือ” เดียวกันให้เลือกเพียงหนึ่งตัวเลือก
- 06046443 สหกิจศึกษาทางเทคโนโลยีปัญญาประดิษฐ์ — 6 หน่วยกิต
- 06046444 สหกิจศึกษาทางเทคโนโลยีปัญญาประดิษฐ์ — 6 หน่วยกิต","[{""source_file"": ""AI.pdf"", ""pdf_page"": 26, ""printed_page"": null}]",599.16,True,200,,frozen
frozen,AI-2566-coop,AI-2566-coop/H08/2,AI-2566-coop: โปรดแสดงรหัสทั้งหมดในแผนปี 4 ภาคเรียน 2,"AI พ.ศ. 2566 — ปี 4 ภาคการศึกษาที่ 2 — แผนสหกิจศึกษา
รายวิชาตามข้อมูลที่นำเข้า
รายวิชาที่อยู่ในชุดตัวเลือก “หรือ” เดียวกันให้เลือกเพียงหนึ่งตัวเลือก
- 06046443 สหกิจศึกษาทางเทคโนโลยีปัญญาประดิษฐ์ — 6 หน่วยกิต
- 06046444 สหกิจศึกษาทางเทคโนโลยีปัญญาประดิษฐ์ — 6 หน่วยกิต","[{""source_file"": ""AI.pdf"", ""pdf_page"": 26, ""printed_page"": null}]",594.44,True,200,,frozen
frozen,AI-2566-coop,AI-2566-coop/H08/3,AI-2566-coop: โปรดแสดงรหัสทั้งหมดในแผนปี 4 ภาคเรียน 2,"AI พ.ศ. 2566 — ปี 4 ภาคการศึกษาที่ 2 — แผนสหกิจศึกษา
รายวิชาตามข้อมูลที่นำเข้า
รายวิชาที่อยู่ในชุดตัวเลือก “หรือ” เดียวกันให้เลือกเพียงหนึ่งตัวเลือก
- 06046443 สหกิจศึกษาทางเทคโนโลยีปัญญาประดิษฐ์ — 6 หน่วยกิต
- 06046444 สหกิจศึกษาทางเทคโนโลยีปัญญาประดิษฐ์ — 6 หน่วยกิต","[{""source_file"": ""AI.pdf"", ""pdf_page"": 26, ""printed_page"": null}]",564.69,True,200,,frozen
frozen,AI-2566-coop,AI-2566-coop/H09/1,AI-2566-coop: รายวิชารหัส 88888888 มีชื่อภาษาไทยว่าอะไร,ยังยืนยันข้อมูลที่ถามไม่ได้จากฐานข้อมูลที่ค้น: AI-2566-coop ข้อมูลที่นำเข้าอาจไม่ครบ จึงยังสรุปไม่ได้ว่ารายวิชาหรือเงื่อนไขนี้ไม่มีในเล่มหลักสูตร,[],574.85,True,200,,frozen
frozen,AI-2566-coop,AI-2566-coop/H09/2,AI-2566-coop: รายวิชารหัส 88888888 มีชื่อภาษาไทยว่าอะไร,ยังยืนยันข้อมูลที่ถามไม่ได้จากฐานข้อมูลที่ค้น: AI-2566-coop ข้อมูลที่นำเข้าอาจไม่ครบ จึงยังสรุปไม่ได้ว่ารายวิชาหรือเงื่อนไขนี้ไม่มีในเล่มหลักสูตร,[],602.12,True,200,,frozen
frozen,AI-2566-coop,AI-2566-coop/H09/3,AI-2566-coop: รายวิชารหัส 88888888 มีชื่อภาษาไทยว่าอะไร,ยังยืนยันข้อมูลที่ถามไม่ได้จากฐานข้อมูลที่ค้น: AI-2566-coop ข้อมูลที่นำเข้าอาจไม่ครบ จึงยังสรุปไม่ได้ว่ารายวิชาหรือเงื่อนไขนี้ไม่มีในเล่มหลักสูตร,[],560.93,True,200,,frozen
frozen,AI-2566-coop,AI-2566-coop/H10/1,AI-2566-coop: โปรดแสดงรหัสทั้งหมดในแผนปี 7 ภาคเรียน 3,ยังยืนยันข้อมูลที่ถามไม่ได้จากฐานข้อมูลที่ค้น: AI-2566-coop ข้อมูลที่นำเข้าอาจไม่ครบ จึงยังสรุปไม่ได้ว่ารายวิชาหรือเงื่อนไขนี้ไม่มีในเล่มหลักสูตร,[],580.85,True,200,,frozen
frozen,AI-2566-coop,AI-2566-coop/H10/2,AI-2566-coop: โปรดแสดงรหัสทั้งหมดในแผนปี 7 ภาคเรียน 3,ยังยืนยันข้อมูลที่ถามไม่ได้จากฐานข้อมูลที่ค้น: AI-2566-coop ข้อมูลที่นำเข้าอาจไม่ครบ จึงยังสรุปไม่ได้ว่ารายวิชาหรือเงื่อนไขนี้ไม่มีในเล่มหลักสูตร,[],563.51,True,200,,frozen
frozen,AI-2566-coop,AI-2566-coop/H10/3,AI-2566-coop: โปรดแสดงรหัสทั้งหมดในแผนปี 7 ภาคเรียน 3,ยังยืนยันข้อมูลที่ถามไม่ได้จากฐานข้อมูลที่ค้น: AI-2566-coop ข้อมูลที่นำเข้าอาจไม่ครบ จึงยังสรุปไม่ได้ว่ารายวิชาหรือเงื่อนไขนี้ไม่มีในเล่มหลักสูตร,[],593.36,True,200,,frozen
frozen,AI-2566-coop,AI-2566-coop/H11/1,AI-2566-coop: รายวิชารหัส 90641008 มีชื่อภาษาไทยว่าอะไร,"AI-2566-coop: 90641008 พื้นฐานทักษะการสื่อสารภาษาอังกฤษ (INTRODUCTION TO ENGLISH COMMUNICATION SKILLS), 0 หน่วยกิต, L-P-S 0-0-45 (ที่มา: AI.pdf หน้า 23)","[{""source_file"": ""AI.pdf"", ""pdf_page"": 23, ""printed_page"": null}]",589.93,True,200,,frozen
frozen,AI-2566-coop,AI-2566-coop/H11/2,AI-2566-coop: รายวิชารหัส 90641008 มีชื่อภาษาไทยว่าอะไร,"AI-2566-coop: 90641008 พื้นฐานทักษะการสื่อสารภาษาอังกฤษ (INTRODUCTION TO ENGLISH COMMUNICATION SKILLS), 0 หน่วยกิต, L-P-S 0-0-45 (ที่มา: AI.pdf หน้า 23)","[{""source_file"": ""AI.pdf"", ""pdf_page"": 23, ""printed_page"": null}]",585.77,True,200,,frozen
frozen,AI-2566-coop,AI-2566-coop/H11/3,AI-2566-coop: รายวิชารหัส 90641008 มีชื่อภาษาไทยว่าอะไร,"AI-2566-coop: 90641008 พื้นฐานทักษะการสื่อสารภาษาอังกฤษ (INTRODUCTION TO ENGLISH COMMUNICATION SKILLS), 0 หน่วยกิต, L-P-S 0-0-45 (ที่มา: AI.pdf หน้า 23)","[{""source_file"": ""AI.pdf"", ""pdf_page"": 23, ""printed_page"": null}]",558.1,True,200,,frozen
frozen,AI-2566-coop,AI-2566-coop/H12/1,AI-2566-coop: จำนวนหน่วยกิตของรหัส 90642012 เท่ากับเท่าไร,"AI-2566-coop: 90642012 กระบวนการคิดเชิงออกแบบ (DESIGN THINKING), 3 หน่วยกิต, L-P-S 3-0-6 (ที่มา: AI.pdf หน้า 25)","[{""source_file"": ""AI.pdf"", ""pdf_page"": 25, ""printed_page"": null}]",599.25,True,200,,frozen
frozen,AI-2566-coop,AI-2566-coop/H12/2,AI-2566-coop: จำนวนหน่วยกิตของรหัส 90642012 เท่ากับเท่าไร,"AI-2566-coop: 90642012 กระบวนการคิดเชิงออกแบบ (DESIGN THINKING), 3 หน่วยกิต, L-P-S 3-0-6 (ที่มา: AI.pdf หน้า 25)","[{""source_file"": ""AI.pdf"", ""pdf_page"": 25, ""printed_page"": null}]",584.82,True,200,,frozen
frozen,AI-2566-coop,AI-2566-coop/H12/3,AI-2566-coop: จำนวนหน่วยกิตของรหัส 90642012 เท่ากับเท่าไร,"AI-2566-coop: 90642012 กระบวนการคิดเชิงออกแบบ (DESIGN THINKING), 3 หน่วยกิต, L-P-S 3-0-6 (ที่มา: AI.pdf หน้า 25)","[{""source_file"": ""AI.pdf"", ""pdf_page"": 25, ""printed_page"": null}]",585.1,True,200,,frozen
frozen,DSBA-2565-coop,DSBA-2565-coop/H01/1,DSBA-2565-coop: รายวิชารหัส 06026202 มีชื่อภาษาไทยว่าอะไร,"DSBA-2565-coop: 06026202 พีชคณิตเชิงเส้น (LINEAR ALGEBRA), 3 หน่วยกิต, L-P-S 3-0-6 (ที่มา: DSBA.pdf หน้า 30)","[{""source_file"": ""DSBA.pdf"", ""pdf_page"": 30, ""printed_page"": 29}]",594.01,True,200,,frozen
frozen,DSBA-2565-coop,DSBA-2565-coop/H01/2,DSBA-2565-coop: รายวิชารหัส 06026202 มีชื่อภาษาไทยว่าอะไร,"DSBA-2565-coop: 06026202 พีชคณิตเชิงเส้น (LINEAR ALGEBRA), 3 หน่วยกิต, L-P-S 3-0-6 (ที่มา: DSBA.pdf หน้า 30)","[{""source_file"": ""DSBA.pdf"", ""pdf_page"": 30, ""printed_page"": 29}]",606.92,True,200,,frozen
frozen,DSBA-2565-coop,DSBA-2565-coop/H01/3,DSBA-2565-coop: รายวิชารหัส 06026202 มีชื่อภาษาไทยว่าอะไร,"DSBA-2565-coop: 06026202 พีชคณิตเชิงเส้น (LINEAR ALGEBRA), 3 หน่วยกิต, L-P-S 3-0-6 (ที่มา: DSBA.pdf หน้า 30)","[{""source_file"": ""DSBA.pdf"", ""pdf_page"": 30, ""printed_page"": 29}]",560.23,True,200,,frozen
frozen,DSBA-2565-coop,DSBA-2565-coop/H02/1,DSBA-2565-coop: จำนวนหน่วยกิตของรหัส 06026212 เท่ากับเท่าไร,"DSBA-2565-coop: 06026212 การสร้างคลังข้อมูล (DATA WAREHOUSING), 3 หน่วยกิต, L-P-S 2-2-5 (ที่มา: DSBA.pdf หน้า 34)","[{""source_file"": ""DSBA.pdf"", ""pdf_page"": 34, ""printed_page"": 33}]",623.67,True,200,,frozen
frozen,DSBA-2565-coop,DSBA-2565-coop/H02/2,DSBA-2565-coop: จำนวนหน่วยกิตของรหัส 06026212 เท่ากับเท่าไร,"DSBA-2565-coop: 06026212 การสร้างคลังข้อมูล (DATA WAREHOUSING), 3 หน่วยกิต, L-P-S 2-2-5 (ที่มา: DSBA.pdf หน้า 34)","[{""source_file"": ""DSBA.pdf"", ""pdf_page"": 34, ""printed_page"": 33}]",605.53,True,200,,frozen
frozen,DSBA-2565-coop,DSBA-2565-coop/H02/3,DSBA-2565-coop: จำนวนหน่วยกิตของรหัส 06026212 เท่ากับเท่าไร,"DSBA-2565-coop: 06026212 การสร้างคลังข้อมูล (DATA WAREHOUSING), 3 หน่วยกิต, L-P-S 2-2-5 (ที่มา: DSBA.pdf หน้า 34)","[{""source_file"": ""DSBA.pdf"", ""pdf_page"": 34, ""printed_page"": 33}]",614.58,True,200,,frozen
frozen,DSBA-2565-coop,DSBA-2565-coop/H03/1,DSBA-2565-coop: รายวิชารหัส 06066301 มีชื่อภาษาไทยว่าอะไร,"DSBA-2565-coop: 06066301 โครงสร้างข้อมูลและอัลกอริทึม (DATA STRUCTURES AND ALGORITHMS), 3 หน่วยกิต, L-P-S 2-2-5 (ที่มา: DSBA.pdf หน้า 33)","[{""source_file"": ""DSBA.pdf"", ""pdf_page"": 33, ""printed_page"": 32}]",611.03,True,200,,frozen
frozen,DSBA-2565-coop,DSBA-2565-coop/H03/2,DSBA-2565-coop: รายวิชารหัส 06066301 มีชื่อภาษาไทยว่าอะไร,"DSBA-2565-coop: 06066301 โครงสร้างข้อมูลและอัลกอริทึม (DATA STRUCTURES AND ALGORITHMS), 3 หน่วยกิต, L-P-S 2-2-5 (ที่มา: DSBA.pdf หน้า 33)","[{""source_file"": ""DSBA.pdf"", ""pdf_page"": 33, ""printed_page"": 32}]",616.03,True,200,,frozen
frozen,DSBA-2565-coop,DSBA-2565-coop/H03/3,DSBA-2565-coop: รายวิชารหัส 06066301 มีชื่อภาษาไทยว่าอะไร,"DSBA-2565-coop: 06066301 โครงสร้างข้อมูลและอัลกอริทึม (DATA STRUCTURES AND ALGORITHMS), 3 หน่วยกิต, L-P-S 2-2-5 (ที่มา: DSBA.pdf หน้า 33)","[{""source_file"": ""DSBA.pdf"", ""pdf_page"": 33, ""printed_page"": 32}]",592.7,True,200,,frozen
frozen,DSBA-2565-coop,DSBA-2565-coop/H04/1,DSBA-2565-coop: จำนวนหน่วยกิตของรหัส 90644007 เท่ากับเท่าไร,"DSBA-2565-coop: 90644007 ภาษาอังกฤษพื้นฐาน 1 (FOUNDATION ENGLISH 1), 3 หน่วยกิต, L-P-S 3-0-6 (ที่มา: DSBA.pdf หน้า 30)","[{""source_file"": ""DSBA.pdf"", ""pdf_page"": 30, ""printed_page"": 29}]",572.75,True,200,,frozen
frozen,DSBA-2565-coop,DSBA-2565-coop/H04/2,DSBA-2565-coop: จำนวนหน่วยกิตของรหัส 90644007 เท่ากับเท่าไร,"DSBA-2565-coop: 90644007 ภาษาอังกฤษพื้นฐาน 1 (FOUNDATION ENGLISH 1), 3 หน่วยกิต, L-P-S 3-0-6 (ที่มา: DSBA.pdf หน้า 30)","[{""source_file"": ""DSBA.pdf"", ""pdf_page"": 30, ""printed_page"": 29}]",565.88,True,200,,frozen
frozen,DSBA-2565-coop,DSBA-2565-coop/H04/3,DSBA-2565-coop: จำนวนหน่วยกิตของรหัส 90644007 เท่ากับเท่าไร,"DSBA-2565-coop: 90644007 ภาษาอังกฤษพื้นฐาน 1 (FOUNDATION ENGLISH 1), 3 หน่วยกิต, L-P-S 3-0-6 (ที่มา: DSBA.pdf หน้า 30)","[{""source_file"": ""DSBA.pdf"", ""pdf_page"": 30, ""printed_page"": 29}]",573.57,True,200,,frozen
frozen,DSBA-2565-coop,DSBA-2565-coop/H05/1,DSBA-2565-coop: ปี 2 ภาคเรียน 1 ต้องลงทะเบียนกี่วิชา,DSBA-2565-coop: 6 วิชา (ที่มา: DSBA.pdf หน้า 32),"[{""source_file"": ""DSBA.pdf"", ""pdf_page"": ""32"", ""printed_page"": null}]",564.69,True,200,,frozen
frozen,DSBA-2565-coop,DSBA-2565-coop/H05/2,DSBA-2565-coop: ปี 2 ภาคเรียน 1 ต้องลงทะเบียนกี่วิชา,DSBA-2565-coop: 6 วิชา (ที่มา: DSBA.pdf หน้า 32),"[{""source_file"": ""DSBA.pdf"", ""pdf_page"": ""32"", ""printed_page"": null}]",565.53,True,200,,frozen
frozen,DSBA-2565-coop,DSBA-2565-coop/H05/3,DSBA-2565-coop: ปี 2 ภาคเรียน 1 ต้องลงทะเบียนกี่วิชา,DSBA-2565-coop: 6 วิชา (ที่มา: DSBA.pdf หน้า 32),"[{""source_file"": ""DSBA.pdf"", ""pdf_page"": ""32"", ""printed_page"": null}]",585.35,True,200,,frozen
frozen,DSBA-2565-coop,DSBA-2565-coop/H06/1,DSBA-2565-coop: ปี 4 ภาคเรียน 2 ต้องลงทะเบียนกี่วิชา,DSBA-2565-coop: 1 วิชา (ที่มา: DSBA.pdf หน้า 36),"[{""source_file"": ""DSBA.pdf"", ""pdf_page"": ""36"", ""printed_page"": null}]",562.68,True,200,,frozen
frozen,DSBA-2565-coop,DSBA-2565-coop/H06/2,DSBA-2565-coop: ปี 4 ภาคเรียน 2 ต้องลงทะเบียนกี่วิชา,DSBA-2565-coop: 1 วิชา (ที่มา: DSBA.pdf หน้า 36),"[{""source_file"": ""DSBA.pdf"", ""pdf_page"": ""36"", ""printed_page"": null}]",564.49,True,200,,frozen
frozen,DSBA-2565-coop,DSBA-2565-coop/H06/3,DSBA-2565-coop: ปี 4 ภาคเรียน 2 ต้องลงทะเบียนกี่วิชา,DSBA-2565-coop: 1 วิชา (ที่มา: DSBA.pdf หน้า 36),"[{""source_file"": ""DSBA.pdf"", ""pdf_page"": ""36"", ""printed_page"": null}]",571.87,True,200,,frozen
frozen,DSBA-2565-coop,DSBA-2565-coop/H07/1,DSBA-2565-coop: โปรดแสดงรหัสทั้งหมดในแผนปี 2 ภาคเรียน 1,"DSBA พ.ศ. 2565 — ปี 2 ภาคการศึกษาที่ 1 — แผนสหกิจศึกษา
รายวิชาตามข้อมูลที่นำเข้า
- 06026206 การวิเคราะห์ข้อมูลและการโปรแกรม — 3 หน่วยกิต
- 06066000 คณิตศาสตร์ไม่ต่อเนื่อง — 3 หน่วยกิต
- 06066300 แนวคิดระบบฐานข้อมูล — 3 หน่วยกิต
- 06066302 การเขียนโปรแกรมเว็บพื้นฐาน — 3 หน่วยกิต
- 06066304 การวิเคราะห์และออกแบบระบบสารสนเทศ — 3 หน่วยกิต
วิชาศึกษาทั่วไป
- 90644xxx วิชาเลือกภาษาและการสื่อสาร — 3 หน่วยกิต (3(3-0-6) หรือ 3(2-2-5))","[{""source_file"": ""DSBA.pdf"", ""pdf_page"": 32, ""printed_page"": 31}]",581.71,False,200,,frozen
frozen,DSBA-2565-coop,DSBA-2565-coop/H07/2,DSBA-2565-coop: โปรดแสดงรหัสทั้งหมดในแผนปี 2 ภาคเรียน 1,"DSBA พ.ศ. 2565 — ปี 2 ภาคการศึกษาที่ 1 — แผนสหกิจศึกษา
รายวิชาตามข้อมูลที่นำเข้า
- 06026206 การวิเคราะห์ข้อมูลและการโปรแกรม — 3 หน่วยกิต
- 06066000 คณิตศาสตร์ไม่ต่อเนื่อง — 3 หน่วยกิต
- 06066300 แนวคิดระบบฐานข้อมูล — 3 หน่วยกิต
- 06066302 การเขียนโปรแกรมเว็บพื้นฐาน — 3 หน่วยกิต
- 06066304 การวิเคราะห์และออกแบบระบบสารสนเทศ — 3 หน่วยกิต
วิชาศึกษาทั่วไป
- 90644xxx วิชาเลือกภาษาและการสื่อสาร — 3 หน่วยกิต (3(3-0-6) หรือ 3(2-2-5))","[{""source_file"": ""DSBA.pdf"", ""pdf_page"": 32, ""printed_page"": 31}]",580.72,False,200,,frozen
frozen,DSBA-2565-coop,DSBA-2565-coop/H07/3,DSBA-2565-coop: โปรดแสดงรหัสทั้งหมดในแผนปี 2 ภาคเรียน 1,"DSBA พ.ศ. 2565 — ปี 2 ภาคการศึกษาที่ 1 — แผนสหกิจศึกษา
รายวิชาตามข้อมูลที่นำเข้า
- 06026206 การวิเคราะห์ข้อมูลและการโปรแกรม — 3 หน่วยกิต
- 06066000 คณิตศาสตร์ไม่ต่อเนื่อง — 3 หน่วยกิต
- 06066300 แนวคิดระบบฐานข้อมูล — 3 หน่วยกิต
- 06066302 การเขียนโปรแกรมเว็บพื้นฐาน — 3 หน่วยกิต
- 06066304 การวิเคราะห์และออกแบบระบบสารสนเทศ — 3 หน่วยกิต
วิชาศึกษาทั่วไป
- 90644xxx วิชาเลือกภาษาและการสื่อสาร — 3 หน่วยกิต (3(3-0-6) หรือ 3(2-2-5))","[{""source_file"": ""DSBA.pdf"", ""pdf_page"": 32, ""printed_page"": 31}]",588.14,False,200,,frozen
frozen,DSBA-2565-coop,DSBA-2565-coop/H08/1,DSBA-2565-coop: โปรดแสดงรหัสทั้งหมดในแผนปี 4 ภาคเรียน 2,"DSBA พ.ศ. 2565 — ปี 4 ภาคการศึกษาที่ 2 — แผนสหกิจศึกษา
รายวิชาตามข้อมูลที่นำเข้า
รายวิชาที่อยู่ในชุดตัวเลือก “หรือ” เดียวกันให้เลือกเพียงหนึ่งตัวเลือก
- 06026259 สหกิจศึกษาทางวิทยาการข้อมูลและการวิเคราะห์เชิงธุรกิจ — 6 หน่วยกิต
- 06026260 สหกิจศึกษาทางวิทยาการข้อมูลและการวิเคราะห์เชิงธุรกิจ — 6 หน่วยกิต","[{""source_file"": ""DSBA.pdf"", ""pdf_page"": 36, ""printed_page"": 35}]",560.99,True,200,,frozen
frozen,DSBA-2565-coop,DSBA-2565-coop/H08/2,DSBA-2565-coop: โปรดแสดงรหัสทั้งหมดในแผนปี 4 ภาคเรียน 2,"DSBA พ.ศ. 2565 — ปี 4 ภาคการศึกษาที่ 2 — แผนสหกิจศึกษา
รายวิชาตามข้อมูลที่นำเข้า
รายวิชาที่อยู่ในชุดตัวเลือก “หรือ” เดียวกันให้เลือกเพียงหนึ่งตัวเลือก
- 06026259 สหกิจศึกษาทางวิทยาการข้อมูลและการวิเคราะห์เชิงธุรกิจ — 6 หน่วยกิต
- 06026260 สหกิจศึกษาทางวิทยาการข้อมูลและการวิเคราะห์เชิงธุรกิจ — 6 หน่วยกิต","[{""source_file"": ""DSBA.pdf"", ""pdf_page"": 36, ""printed_page"": 35}]",606.87,True,200,,frozen
frozen,DSBA-2565-coop,DSBA-2565-coop/H08/3,DSBA-2565-coop: โปรดแสดงรหัสทั้งหมดในแผนปี 4 ภาคเรียน 2,"DSBA พ.ศ. 2565 — ปี 4 ภาคการศึกษาที่ 2 — แผนสหกิจศึกษา
รายวิชาตามข้อมูลที่นำเข้า
รายวิชาที่อยู่ในชุดตัวเลือก “หรือ” เดียวกันให้เลือกเพียงหนึ่งตัวเลือก
- 06026259 สหกิจศึกษาทางวิทยาการข้อมูลและการวิเคราะห์เชิงธุรกิจ — 6 หน่วยกิต
- 06026260 สหกิจศึกษาทางวิทยาการข้อมูลและการวิเคราะห์เชิงธุรกิจ — 6 หน่วยกิต","[{""source_file"": ""DSBA.pdf"", ""pdf_page"": 36, ""printed_page"": 35}]",586.43,True,200,,frozen
frozen,DSBA-2565-coop,DSBA-2565-coop/H09/1,DSBA-2565-coop: รายวิชารหัส 88888888 มีชื่อภาษาไทยว่าอะไร,ยังยืนยันข้อมูลที่ถามไม่ได้จากฐานข้อมูลที่ค้น: DSBA-2565-coop ข้อมูลที่นำเข้าอาจไม่ครบ จึงยังสรุปไม่ได้ว่ารายวิชาหรือเงื่อนไขนี้ไม่มีในเล่มหลักสูตร,[],598.64,True,200,,frozen
frozen,DSBA-2565-coop,DSBA-2565-coop/H09/2,DSBA-2565-coop: รายวิชารหัส 88888888 มีชื่อภาษาไทยว่าอะไร,ยังยืนยันข้อมูลที่ถามไม่ได้จากฐานข้อมูลที่ค้น: DSBA-2565-coop ข้อมูลที่นำเข้าอาจไม่ครบ จึงยังสรุปไม่ได้ว่ารายวิชาหรือเงื่อนไขนี้ไม่มีในเล่มหลักสูตร,[],640.27,True,200,,frozen
frozen,DSBA-2565-coop,DSBA-2565-coop/H09/3,DSBA-2565-coop: รายวิชารหัส 88888888 มีชื่อภาษาไทยว่าอะไร,ยังยืนยันข้อมูลที่ถามไม่ได้จากฐานข้อมูลที่ค้น: DSBA-2565-coop ข้อมูลที่นำเข้าอาจไม่ครบ จึงยังสรุปไม่ได้ว่ารายวิชาหรือเงื่อนไขนี้ไม่มีในเล่มหลักสูตร,[],794.75,True,200,,frozen
frozen,DSBA-2565-coop,DSBA-2565-coop/H10/1,DSBA-2565-coop: โปรดแสดงรหัสทั้งหมดในแผนปี 7 ภาคเรียน 3,ยังยืนยันข้อมูลที่ถามไม่ได้จากฐานข้อมูลที่ค้น: DSBA-2565-coop ข้อมูลที่นำเข้าอาจไม่ครบ จึงยังสรุปไม่ได้ว่ารายวิชาหรือเงื่อนไขนี้ไม่มีในเล่มหลักสูตร,[],699.49,True,200,,frozen
frozen,DSBA-2565-coop,DSBA-2565-coop/H10/2,DSBA-2565-coop: โปรดแสดงรหัสทั้งหมดในแผนปี 7 ภาคเรียน 3,ยังยืนยันข้อมูลที่ถามไม่ได้จากฐานข้อมูลที่ค้น: DSBA-2565-coop ข้อมูลที่นำเข้าอาจไม่ครบ จึงยังสรุปไม่ได้ว่ารายวิชาหรือเงื่อนไขนี้ไม่มีในเล่มหลักสูตร,[],662.72,True,200,,frozen
frozen,DSBA-2565-coop,DSBA-2565-coop/H10/3,DSBA-2565-coop: โปรดแสดงรหัสทั้งหมดในแผนปี 7 ภาคเรียน 3,ยังยืนยันข้อมูลที่ถามไม่ได้จากฐานข้อมูลที่ค้น: DSBA-2565-coop ข้อมูลที่นำเข้าอาจไม่ครบ จึงยังสรุปไม่ได้ว่ารายวิชาหรือเงื่อนไขนี้ไม่มีในเล่มหลักสูตร,[],645.64,True,200,,frozen
frozen,DSBA-2565-coop,DSBA-2565-coop/H11/1,DSBA-2565-coop: รายวิชารหัส 90643021 มีชื่อภาษาไทยว่าอะไร,"DSBA-2565-coop: 90643021 ผู้ประกอบการสมัยใหม่ (MODERN ENTREPRENEURS), 3 หน่วยกิต, L-P-S 3-0-6 (ที่มา: DSBA.pdf หน้า 35)","[{""source_file"": ""DSBA.pdf"", ""pdf_page"": 35, ""printed_page"": 34}]",638.02,True,200,,frozen
frozen,DSBA-2565-coop,DSBA-2565-coop/H11/2,DSBA-2565-coop: รายวิชารหัส 90643021 มีชื่อภาษาไทยว่าอะไร,"DSBA-2565-coop: 90643021 ผู้ประกอบการสมัยใหม่ (MODERN ENTREPRENEURS), 3 หน่วยกิต, L-P-S 3-0-6 (ที่มา: DSBA.pdf หน้า 35)","[{""source_file"": ""DSBA.pdf"", ""pdf_page"": 35, ""printed_page"": 34}]",598.03,True,200,,frozen
frozen,DSBA-2565-coop,DSBA-2565-coop/H11/3,DSBA-2565-coop: รายวิชารหัส 90643021 มีชื่อภาษาไทยว่าอะไร,"DSBA-2565-coop: 90643021 ผู้ประกอบการสมัยใหม่ (MODERN ENTREPRENEURS), 3 หน่วยกิต, L-P-S 3-0-6 (ที่มา: DSBA.pdf หน้า 35)","[{""source_file"": ""DSBA.pdf"", ""pdf_page"": 35, ""printed_page"": 34}]",656.98,True,200,,frozen
frozen,DSBA-2565-coop,DSBA-2565-coop/H12/1,DSBA-2565-coop: จำนวนหน่วยกิตของรหัส 90644042 เท่ากับเท่าไร,"DSBA-2565-coop: 90644042 การสื่อสารและการนำเสนออย่างมืออาชีพ (PROFESSIONAL COMMUNICATION AND PRESENTATION), 3 หน่วยกิต, L-P-S 3-0-6 (ที่มา: DSBA.pdf หน้า 34)","[{""source_file"": ""DSBA.pdf"", ""pdf_page"": 34, ""printed_page"": 33}]",664.09,True,200,,frozen
frozen,DSBA-2565-coop,DSBA-2565-coop/H12/2,DSBA-2565-coop: จำนวนหน่วยกิตของรหัส 90644042 เท่ากับเท่าไร,"DSBA-2565-coop: 90644042 การสื่อสารและการนำเสนออย่างมืออาชีพ (PROFESSIONAL COMMUNICATION AND PRESENTATION), 3 หน่วยกิต, L-P-S 3-0-6 (ที่มา: DSBA.pdf หน้า 34)","[{""source_file"": ""DSBA.pdf"", ""pdf_page"": 34, ""printed_page"": 33}]",698.68,True,200,,frozen
frozen,DSBA-2565-coop,DSBA-2565-coop/H12/3,DSBA-2565-coop: จำนวนหน่วยกิตของรหัส 90644042 เท่ากับเท่าไร,"DSBA-2565-coop: 90644042 การสื่อสารและการนำเสนออย่างมืออาชีพ (PROFESSIONAL COMMUNICATION AND PRESENTATION), 3 หน่วยกิต, L-P-S 3-0-6 (ที่มา: DSBA.pdf หน้า 34)","[{""source_file"": ""DSBA.pdf"", ""pdf_page"": 34, ""printed_page"": 33}]",642.43,True,200,,frozen
frozen,DSBA-2565-no-coop,DSBA-2565-no-coop/H01/1,DSBA-2565-no-coop: รายวิชารหัส 06026202 มีชื่อภาษาไทยว่าอะไร,"DSBA-2565-no-coop: 06026202 พีชคณิตเชิงเส้น (LINEAR ALGEBRA), 3 หน่วยกิต, L-P-S 3-0-6 (ที่มา: DSBA.pdf หน้า 23)","[{""source_file"": ""DSBA.pdf"", ""pdf_page"": 23, ""printed_page"": 22}]",789.77,True,200,,frozen
frozen,DSBA-2565-no-coop,DSBA-2565-no-coop/H01/2,DSBA-2565-no-coop: รายวิชารหัส 06026202 มีชื่อภาษาไทยว่าอะไร,"DSBA-2565-no-coop: 06026202 พีชคณิตเชิงเส้น (LINEAR ALGEBRA), 3 หน่วยกิต, L-P-S 3-0-6 (ที่มา: DSBA.pdf หน้า 23)","[{""source_file"": ""DSBA.pdf"", ""pdf_page"": 23, ""printed_page"": 22}]",1244.74,True,200,,frozen
frozen,DSBA-2565-no-coop,DSBA-2565-no-coop/H01/3,DSBA-2565-no-coop: รายวิชารหัส 06026202 มีชื่อภาษาไทยว่าอะไร,"DSBA-2565-no-coop: 06026202 พีชคณิตเชิงเส้น (LINEAR ALGEBRA), 3 หน่วยกิต, L-P-S 3-0-6 (ที่มา: DSBA.pdf หน้า 23)","[{""source_file"": ""DSBA.pdf"", ""pdf_page"": 23, ""printed_page"": 22}]",872.5,True,200,,frozen
frozen,DSBA-2565-no-coop,DSBA-2565-no-coop/H02/1,DSBA-2565-no-coop: จำนวนหน่วยกิตของรหัส 90642069 เท่ากับเท่าไร,"DSBA-2565-no-coop: 90642069 วอลเลย์บอล (VOLLEYBALL), 2 หน่วยกิต, L-P-S 1-2-3",[],1671.59,True,200,,frozen
frozen,DSBA-2565-no-coop,DSBA-2565-no-coop/H02/2,DSBA-2565-no-coop: จำนวนหน่วยกิตของรหัส 90642069 เท่ากับเท่าไร,"DSBA-2565-no-coop: 90642069 วอลเลย์บอล (VOLLEYBALL), 2 หน่วยกิต, L-P-S 1-2-3",[],1208.84,True,200,,frozen
frozen,DSBA-2565-no-coop,DSBA-2565-no-coop/H02/3,DSBA-2565-no-coop: จำนวนหน่วยกิตของรหัส 90642069 เท่ากับเท่าไร,"DSBA-2565-no-coop: 90642069 วอลเลย์บอล (VOLLEYBALL), 2 หน่วยกิต, L-P-S 1-2-3",[],2009.16,True,200,,frozen
frozen,DSBA-2565-no-coop,DSBA-2565-no-coop/H03/1,DSBA-2565-no-coop: รายวิชารหัส 90643007 มีชื่อภาษาไทยว่าอะไร,"DSBA-2565-no-coop: 90643007 ภาวะผู้นำสำหรับคนรุ่นใหม่ (NEXT GEN LEADERSHIP), 3 หน่วยกิต, L-P-S 3-0-6",[],1418.14,True,200,,frozen
frozen,DSBA-2565-no-coop,DSBA-2565-no-coop/H03/2,DSBA-2565-no-coop: รายวิชารหัส 90643007 มีชื่อภาษาไทยว่าอะไร,"DSBA-2565-no-coop: 90643007 ภาวะผู้นำสำหรับคนรุ่นใหม่ (NEXT GEN LEADERSHIP), 3 หน่วยกิต, L-P-S 3-0-6",[],755.57,True,200,,frozen
frozen,DSBA-2565-no-coop,DSBA-2565-no-coop/H03/3,DSBA-2565-no-coop: รายวิชารหัส 90643007 มีชื่อภาษาไทยว่าอะไร,"DSBA-2565-no-coop: 90643007 ภาวะผู้นำสำหรับคนรุ่นใหม่ (NEXT GEN LEADERSHIP), 3 หน่วยกิต, L-P-S 3-0-6",[],855.16,True,200,,frozen
frozen,DSBA-2565-no-coop,DSBA-2565-no-coop/H04/1,DSBA-2565-no-coop: จำนวนหน่วยกิตของรหัส 90644064 เท่ากับเท่าไร,"DSBA-2565-no-coop: 90644064 ภาษาเกาหลีเพื่อการท่องเที่ยว (KOREAN FOR TRAVEL), 3 หน่วยกิต, L-P-S 3-0-6",[],820.79,True,200,,frozen
frozen,DSBA-2565-no-coop,DSBA-2565-no-coop/H04/2,DSBA-2565-no-coop: จำนวนหน่วยกิตของรหัส 90644064 เท่ากับเท่าไร,"DSBA-2565-no-coop: 90644064 ภาษาเกาหลีเพื่อการท่องเที่ยว (KOREAN FOR TRAVEL), 3 หน่วยกิต, L-P-S 3-0-6",[],2010.9,True,200,,frozen
frozen,DSBA-2565-no-coop,DSBA-2565-no-coop/H04/3,DSBA-2565-no-coop: จำนวนหน่วยกิตของรหัส 90644064 เท่ากับเท่าไร,"DSBA-2565-no-coop: 90644064 ภาษาเกาหลีเพื่อการท่องเที่ยว (KOREAN FOR TRAVEL), 3 หน่วยกิต, L-P-S 3-0-6",[],647.45,True,200,,frozen
frozen,DSBA-2565-no-coop,DSBA-2565-no-coop/H05/1,DSBA-2565-no-coop: ปี 2 ภาคเรียน 1 ต้องลงทะเบียนกี่วิชา,DSBA-2565-no-coop: 6 วิชา (ที่มา: DSBA.pdf หน้า 25),"[{""source_file"": ""DSBA.pdf"", ""pdf_page"": ""25"", ""printed_page"": null}]",682.3,True,200,,frozen
frozen,DSBA-2565-no-coop,DSBA-2565-no-coop/H05/2,DSBA-2565-no-coop: ปี 2 ภาคเรียน 1 ต้องลงทะเบียนกี่วิชา,DSBA-2565-no-coop: 6 วิชา (ที่มา: DSBA.pdf หน้า 25),"[{""source_file"": ""DSBA.pdf"", ""pdf_page"": ""25"", ""printed_page"": null}]",658.44,True,200,,frozen
frozen,DSBA-2565-no-coop,DSBA-2565-no-coop/H05/3,DSBA-2565-no-coop: ปี 2 ภาคเรียน 1 ต้องลงทะเบียนกี่วิชา,DSBA-2565-no-coop: 6 วิชา (ที่มา: DSBA.pdf หน้า 25),"[{""source_file"": ""DSBA.pdf"", ""pdf_page"": ""25"", ""printed_page"": null}]",664.4,True,200,,frozen
frozen,DSBA-2565-no-coop,DSBA-2565-no-coop/H06/1,DSBA-2565-no-coop: ปี 4 ภาคเรียน 2 ต้องลงทะเบียนกี่วิชา,DSBA-2565-no-coop: 3 วิชา (ที่มา: DSBA.pdf หน้า 29),"[{""source_file"": ""DSBA.pdf"", ""pdf_page"": ""29"", ""printed_page"": null}]",705.67,True,200,,frozen
frozen,DSBA-2565-no-coop,DSBA-2565-no-coop/H06/2,DSBA-2565-no-coop: ปี 4 ภาคเรียน 2 ต้องลงทะเบียนกี่วิชา,DSBA-2565-no-coop: 3 วิชา (ที่มา: DSBA.pdf หน้า 29),"[{""source_file"": ""DSBA.pdf"", ""pdf_page"": ""29"", ""printed_page"": null}]",661.04,True,200,,frozen
frozen,DSBA-2565-no-coop,DSBA-2565-no-coop/H06/3,DSBA-2565-no-coop: ปี 4 ภาคเรียน 2 ต้องลงทะเบียนกี่วิชา,DSBA-2565-no-coop: 3 วิชา (ที่มา: DSBA.pdf หน้า 29),"[{""source_file"": ""DSBA.pdf"", ""pdf_page"": ""29"", ""printed_page"": null}]",657.79,True,200,,frozen
frozen,DSBA-2565-no-coop,DSBA-2565-no-coop/H07/1,DSBA-2565-no-coop: โปรดแสดงรหัสทั้งหมดในแผนปี 2 ภาคเรียน 1,"DSBA พ.ศ. 2565 — ปี 2 ภาคการศึกษาที่ 1 — แผนไม่สหกิจศึกษา
รายวิชาตามข้อมูลที่นำเข้า
- 06026206 การวิเคราะห์ข้อมูลและการโปรแกรม — 3 หน่วยกิต
- 06066000 คณิตศาสตร์ไม่ต่อเนื่อง — 3 หน่วยกิต
- 06066300 แนวคิดระบบฐานข้อมูล — 3 หน่วยกิต
- 06066302 การเขียนโปรแกรมเว็บพื้นฐาน — 3 หน่วยกิต
- 06066304 การวิเคราะห์และออกแบบระบบสารสนเทศ — 3 หน่วยกิต
วิชาศึกษาทั่วไป
- 90644xxx วิชาเลือกภาษาและการสื่อสาร — 3 หน่วยกิต (3(3-0-6) หรือ 3(2-2-5))","[{""source_file"": ""DSBA.pdf"", ""pdf_page"": 25, ""printed_page"": 24}]",670.77,False,200,,frozen
frozen,DSBA-2565-no-coop,DSBA-2565-no-coop/H07/2,DSBA-2565-no-coop: โปรดแสดงรหัสทั้งหมดในแผนปี 2 ภาคเรียน 1,"DSBA พ.ศ. 2565 — ปี 2 ภาคการศึกษาที่ 1 — แผนไม่สหกิจศึกษา
รายวิชาตามข้อมูลที่นำเข้า
- 06026206 การวิเคราะห์ข้อมูลและการโปรแกรม — 3 หน่วยกิต
- 06066000 คณิตศาสตร์ไม่ต่อเนื่อง — 3 หน่วยกิต
- 06066300 แนวคิดระบบฐานข้อมูล — 3 หน่วยกิต
- 06066302 การเขียนโปรแกรมเว็บพื้นฐาน — 3 หน่วยกิต
- 06066304 การวิเคราะห์และออกแบบระบบสารสนเทศ — 3 หน่วยกิต
วิชาศึกษาทั่วไป
- 90644xxx วิชาเลือกภาษาและการสื่อสาร — 3 หน่วยกิต (3(3-0-6) หรือ 3(2-2-5))","[{""source_file"": ""DSBA.pdf"", ""pdf_page"": 25, ""printed_page"": 24}]",661.27,False,200,,frozen
frozen,DSBA-2565-no-coop,DSBA-2565-no-coop/H07/3,DSBA-2565-no-coop: โปรดแสดงรหัสทั้งหมดในแผนปี 2 ภาคเรียน 1,"DSBA พ.ศ. 2565 — ปี 2 ภาคการศึกษาที่ 1 — แผนไม่สหกิจศึกษา
รายวิชาตามข้อมูลที่นำเข้า
- 06026206 การวิเคราะห์ข้อมูลและการโปรแกรม — 3 หน่วยกิต
- 06066000 คณิตศาสตร์ไม่ต่อเนื่อง — 3 หน่วยกิต
- 06066300 แนวคิดระบบฐานข้อมูล — 3 หน่วยกิต
- 06066302 การเขียนโปรแกรมเว็บพื้นฐาน — 3 หน่วยกิต
- 06066304 การวิเคราะห์และออกแบบระบบสารสนเทศ — 3 หน่วยกิต
วิชาศึกษาทั่วไป
- 90644xxx วิชาเลือกภาษาและการสื่อสาร — 3 หน่วยกิต (3(3-0-6) หรือ 3(2-2-5))","[{""source_file"": ""DSBA.pdf"", ""pdf_page"": 25, ""printed_page"": 24}]",648.95,False,200,,frozen
frozen,DSBA-2565-no-coop,DSBA-2565-no-coop/H08/1,DSBA-2565-no-coop: โปรดแสดงรหัสทั้งหมดในแผนปี 4 ภาคเรียน 2,"DSBA พ.ศ. 2565 — ปี 4 ภาคการศึกษาที่ 2 — แผนไม่สหกิจศึกษา
วิชาศึกษาทั่วไป
- 9064xxxx วิชาเลือกหมวดวิชาศึกษาทั่วไป — 3 หน่วยกิต (3(3-0-6) หรือ 3(2-2-5))
วิชาเลือกเสรี
- xxxxxxxx วิชาเลือกเสรี 1 — 3 หน่วยกิต (3(3-0-6) หรือ 3(2-2-5))
- xxxxxxxx วิชาเลือกเสรี 2 — 3 หน่วยกิต (3(3-0-6) หรือ 3(2-2-5))","[{""source_file"": ""DSBA.pdf"", ""pdf_page"": 29, ""printed_page"": 28}]",674.82,False,200,,frozen
frozen,DSBA-2565-no-coop,DSBA-2565-no-coop/H08/2,DSBA-2565-no-coop: โปรดแสดงรหัสทั้งหมดในแผนปี 4 ภาคเรียน 2,"DSBA พ.ศ. 2565 — ปี 4 ภาคการศึกษาที่ 2 — แผนไม่สหกิจศึกษา
วิชาศึกษาทั่วไป
- 9064xxxx วิชาเลือกหมวดวิชาศึกษาทั่วไป — 3 หน่วยกิต (3(3-0-6) หรือ 3(2-2-5))
วิชาเลือกเสรี
- xxxxxxxx วิชาเลือกเสรี 1 — 3 หน่วยกิต (3(3-0-6) หรือ 3(2-2-5))
- xxxxxxxx วิชาเลือกเสรี 2 — 3 หน่วยกิต (3(3-0-6) หรือ 3(2-2-5))","[{""source_file"": ""DSBA.pdf"", ""pdf_page"": 29, ""printed_page"": 28}]",650.42,False,200,,frozen
frozen,DSBA-2565-no-coop,DSBA-2565-no-coop/H08/3,DSBA-2565-no-coop: โปรดแสดงรหัสทั้งหมดในแผนปี 4 ภาคเรียน 2,"DSBA พ.ศ. 2565 — ปี 4 ภาคการศึกษาที่ 2 — แผนไม่สหกิจศึกษา
วิชาศึกษาทั่วไป
- 9064xxxx วิชาเลือกหมวดวิชาศึกษาทั่วไป — 3 หน่วยกิต (3(3-0-6) หรือ 3(2-2-5))
วิชาเลือกเสรี
- xxxxxxxx วิชาเลือกเสรี 1 — 3 หน่วยกิต (3(3-0-6) หรือ 3(2-2-5))
- xxxxxxxx วิชาเลือกเสรี 2 — 3 หน่วยกิต (3(3-0-6) หรือ 3(2-2-5))","[{""source_file"": ""DSBA.pdf"", ""pdf_page"": 29, ""printed_page"": 28}]",615.12,False,200,,frozen
frozen,DSBA-2565-no-coop,DSBA-2565-no-coop/H09/1,DSBA-2565-no-coop: รายวิชารหัส 88888888 มีชื่อภาษาไทยว่าอะไร,ยังยืนยันข้อมูลที่ถามไม่ได้จากฐานข้อมูลที่ค้น: DSBA-2565-no-coop ข้อมูลที่นำเข้าอาจไม่ครบ จึงยังสรุปไม่ได้ว่ารายวิชาหรือเงื่อนไขนี้ไม่มีในเล่มหลักสูตร,[],634.57,True,200,,frozen
frozen,DSBA-2565-no-coop,DSBA-2565-no-coop/H09/2,DSBA-2565-no-coop: รายวิชารหัส 88888888 มีชื่อภาษาไทยว่าอะไร,ยังยืนยันข้อมูลที่ถามไม่ได้จากฐานข้อมูลที่ค้น: DSBA-2565-no-coop ข้อมูลที่นำเข้าอาจไม่ครบ จึงยังสรุปไม่ได้ว่ารายวิชาหรือเงื่อนไขนี้ไม่มีในเล่มหลักสูตร,[],587.45,True,200,,frozen
frozen,DSBA-2565-no-coop,DSBA-2565-no-coop/H09/3,DSBA-2565-no-coop: รายวิชารหัส 88888888 มีชื่อภาษาไทยว่าอะไร,ยังยืนยันข้อมูลที่ถามไม่ได้จากฐานข้อมูลที่ค้น: DSBA-2565-no-coop ข้อมูลที่นำเข้าอาจไม่ครบ จึงยังสรุปไม่ได้ว่ารายวิชาหรือเงื่อนไขนี้ไม่มีในเล่มหลักสูตร,[],591.0,True,200,,frozen
frozen,DSBA-2565-no-coop,DSBA-2565-no-coop/H10/1,DSBA-2565-no-coop: โปรดแสดงรหัสทั้งหมดในแผนปี 7 ภาคเรียน 3,ยังยืนยันข้อมูลที่ถามไม่ได้จากฐานข้อมูลที่ค้น: DSBA-2565-no-coop ข้อมูลที่นำเข้าอาจไม่ครบ จึงยังสรุปไม่ได้ว่ารายวิชาหรือเงื่อนไขนี้ไม่มีในเล่มหลักสูตร,[],601.62,True,200,,frozen
frozen,DSBA-2565-no-coop,DSBA-2565-no-coop/H10/2,DSBA-2565-no-coop: โปรดแสดงรหัสทั้งหมดในแผนปี 7 ภาคเรียน 3,ยังยืนยันข้อมูลที่ถามไม่ได้จากฐานข้อมูลที่ค้น: DSBA-2565-no-coop ข้อมูลที่นำเข้าอาจไม่ครบ จึงยังสรุปไม่ได้ว่ารายวิชาหรือเงื่อนไขนี้ไม่มีในเล่มหลักสูตร,[],604.63,True,200,,frozen
frozen,DSBA-2565-no-coop,DSBA-2565-no-coop/H10/3,DSBA-2565-no-coop: โปรดแสดงรหัสทั้งหมดในแผนปี 7 ภาคเรียน 3,ยังยืนยันข้อมูลที่ถามไม่ได้จากฐานข้อมูลที่ค้น: DSBA-2565-no-coop ข้อมูลที่นำเข้าอาจไม่ครบ จึงยังสรุปไม่ได้ว่ารายวิชาหรือเงื่อนไขนี้ไม่มีในเล่มหลักสูตร,[],580.34,True,200,,frozen
frozen,DSBA-2565-no-coop,DSBA-2565-no-coop/H11/1,DSBA-2565-no-coop: รายวิชารหัส 90644063 มีชื่อภาษาไทยว่าอะไร,"DSBA-2565-no-coop: 90644063 ภาษาญี่ปุ่นเพื่อการท่องเที่ยว (JAPANESE FOR TRAVEL), 3 หน่วยกิต, L-P-S 3-0-6",[],664.24,True,200,,frozen
frozen,DSBA-2565-no-coop,DSBA-2565-no-coop/H11/2,DSBA-2565-no-coop: รายวิชารหัส 90644063 มีชื่อภาษาไทยว่าอะไร,"DSBA-2565-no-coop: 90644063 ภาษาญี่ปุ่นเพื่อการท่องเที่ยว (JAPANESE FOR TRAVEL), 3 หน่วยกิต, L-P-S 3-0-6",[],606.36,True,200,,frozen
frozen,DSBA-2565-no-coop,DSBA-2565-no-coop/H11/3,DSBA-2565-no-coop: รายวิชารหัส 90644063 มีชื่อภาษาไทยว่าอะไร,"DSBA-2565-no-coop: 90644063 ภาษาญี่ปุ่นเพื่อการท่องเที่ยว (JAPANESE FOR TRAVEL), 3 หน่วยกิต, L-P-S 3-0-6",[],595.04,True,200,,frozen
frozen,DSBA-2565-no-coop,DSBA-2565-no-coop/H12/1,DSBA-2565-no-coop: จำนวนหน่วยกิตของรหัส 90644066 เท่ากับเท่าไร,"DSBA-2565-no-coop: 90644066 ภาษามาเลย์เพื่อการท่องเที่ยว (MALAY FOR TRAVEL), 3 หน่วยกิต, L-P-S 3-0-6",[],620.66,True,200,,frozen
frozen,DSBA-2565-no-coop,DSBA-2565-no-coop/H12/2,DSBA-2565-no-coop: จำนวนหน่วยกิตของรหัส 90644066 เท่ากับเท่าไร,"DSBA-2565-no-coop: 90644066 ภาษามาเลย์เพื่อการท่องเที่ยว (MALAY FOR TRAVEL), 3 หน่วยกิต, L-P-S 3-0-6",[],612.75,True,200,,frozen
frozen,DSBA-2565-no-coop,DSBA-2565-no-coop/H12/3,DSBA-2565-no-coop: จำนวนหน่วยกิตของรหัส 90644066 เท่ากับเท่าไร,"DSBA-2565-no-coop: 90644066 ภาษามาเลย์เพื่อการท่องเที่ยว (MALAY FOR TRAVEL), 3 หน่วยกิต, L-P-S 3-0-6",[],618.85,True,200,,frozen
frozen,IT-2565-coop,IT-2565-coop/H01/1,IT-2565-coop: รายวิชารหัส 06016403 มีชื่อภาษาไทยว่าอะไร,"IT-2565-coop: 06016403 เทคโนโลยีสื่อประสม (MULTIMEDIA TECHNOLOGY), 3 หน่วยกิต, L-P-S 2-2-5 (ที่มา: IT.pdf หน้า 40)","[{""source_file"": ""IT.pdf"", ""pdf_page"": 40, ""printed_page"": null}]",624.49,True,200,,frozen
frozen,IT-2565-coop,IT-2565-coop/H01/2,IT-2565-coop: รายวิชารหัส 06016403 มีชื่อภาษาไทยว่าอะไร,"IT-2565-coop: 06016403 เทคโนโลยีสื่อประสม (MULTIMEDIA TECHNOLOGY), 3 หน่วยกิต, L-P-S 2-2-5 (ที่มา: IT.pdf หน้า 40)","[{""source_file"": ""IT.pdf"", ""pdf_page"": 40, ""printed_page"": null}]",622.93,True,200,,frozen
frozen,IT-2565-coop,IT-2565-coop/H01/3,IT-2565-coop: รายวิชารหัส 06016403 มีชื่อภาษาไทยว่าอะไร,"IT-2565-coop: 06016403 เทคโนโลยีสื่อประสม (MULTIMEDIA TECHNOLOGY), 3 หน่วยกิต, L-P-S 2-2-5 (ที่มา: IT.pdf หน้า 40)","[{""source_file"": ""IT.pdf"", ""pdf_page"": 40, ""printed_page"": null}]",669.47,True,200,,frozen
frozen,IT-2565-coop,IT-2565-coop/H02/1,IT-2565-coop: จำนวนหน่วยกิตของรหัส 06016416 เท่ากับเท่าไร,"IT-2565-coop: 06016416 วิศวกรรมความต้องการ (REQUIREMENT ENGINEERING), 3 หน่วยกิต, L-P-S 3-0-6 (ที่มา: IT.pdf หน้า 42)","[{""source_file"": ""IT.pdf"", ""pdf_page"": 42, ""printed_page"": 37}]",626.08,True,200,,frozen
frozen,IT-2565-coop,IT-2565-coop/H02/2,IT-2565-coop: จำนวนหน่วยกิตของรหัส 06016416 เท่ากับเท่าไร,"IT-2565-coop: 06016416 วิศวกรรมความต้องการ (REQUIREMENT ENGINEERING), 3 หน่วยกิต, L-P-S 3-0-6 (ที่มา: IT.pdf หน้า 42)","[{""source_file"": ""IT.pdf"", ""pdf_page"": 42, ""printed_page"": 37}]",614.0,True,200,,frozen
frozen,IT-2565-coop,IT-2565-coop/H02/3,IT-2565-coop: จำนวนหน่วยกิตของรหัส 06016416 เท่ากับเท่าไร,"IT-2565-coop: 06016416 วิศวกรรมความต้องการ (REQUIREMENT ENGINEERING), 3 หน่วยกิต, L-P-S 3-0-6 (ที่มา: IT.pdf หน้า 42)","[{""source_file"": ""IT.pdf"", ""pdf_page"": 42, ""printed_page"": 37}]",599.69,True,200,,frozen
frozen,IT-2565-coop,IT-2565-coop/H03/1,IT-2565-coop: รายวิชารหัส 06066001 มีชื่อภาษาไทยว่าอะไร,"IT-2565-coop: 06066001 ความน่าจะเป็นและสถิติ (PROBABILITY AND STATISTICS), 3 หน่วยกิต, L-P-S 3-0-6 (ที่มา: IT.pdf หน้า 39)","[{""source_file"": ""IT.pdf"", ""pdf_page"": 39, ""printed_page"": null}]",590.79,True,200,,frozen
frozen,IT-2565-coop,IT-2565-coop/H03/2,IT-2565-coop: รายวิชารหัส 06066001 มีชื่อภาษาไทยว่าอะไร,"IT-2565-coop: 06066001 ความน่าจะเป็นและสถิติ (PROBABILITY AND STATISTICS), 3 หน่วยกิต, L-P-S 3-0-6 (ที่มา: IT.pdf หน้า 39)","[{""source_file"": ""IT.pdf"", ""pdf_page"": 39, ""printed_page"": null}]",617.75,True,200,,frozen
frozen,IT-2565-coop,IT-2565-coop/H03/3,IT-2565-coop: รายวิชารหัส 06066001 มีชื่อภาษาไทยว่าอะไร,"IT-2565-coop: 06066001 ความน่าจะเป็นและสถิติ (PROBABILITY AND STATISTICS), 3 หน่วยกิต, L-P-S 3-0-6 (ที่มา: IT.pdf หน้า 39)","[{""source_file"": ""IT.pdf"", ""pdf_page"": 39, ""printed_page"": null}]",592.38,True,200,,frozen
frozen,IT-2565-coop,IT-2565-coop/H04/1,IT-2565-coop: จำนวนหน่วยกิตของรหัส 90643021 เท่ากับเท่าไร,"IT-2565-coop: 90643021 กลุ่มวิชาตามเกณฑ์ของคณะ (Faculty requirement)
ผู้ประกอบการสมัยใหม่ (MODERN ENTREPRENEURS), 3 หน่วยกิต, L-P-S 3-0-6 (ที่มา: IT.pdf หน้า 43)","[{""source_file"": ""IT.pdf"", ""pdf_page"": 43, ""printed_page"": null}]",577.09,True,200,,frozen
frozen,IT-2565-coop,IT-2565-coop/H04/2,IT-2565-coop: จำนวนหน่วยกิตของรหัส 90643021 เท่ากับเท่าไร,"IT-2565-coop: 90643021 กลุ่มวิชาตามเกณฑ์ของคณะ (Faculty requirement)
ผู้ประกอบการสมัยใหม่ (MODERN ENTREPRENEURS), 3 หน่วยกิต, L-P-S 3-0-6 (ที่มา: IT.pdf หน้า 43)","[{""source_file"": ""IT.pdf"", ""pdf_page"": 43, ""printed_page"": null}]",589.07,True,200,,frozen
frozen,IT-2565-coop,IT-2565-coop/H04/3,IT-2565-coop: จำนวนหน่วยกิตของรหัส 90643021 เท่ากับเท่าไร,"IT-2565-coop: 90643021 กลุ่มวิชาตามเกณฑ์ของคณะ (Faculty requirement)
ผู้ประกอบการสมัยใหม่ (MODERN ENTREPRENEURS), 3 หน่วยกิต, L-P-S 3-0-6 (ที่มา: IT.pdf หน้า 43)","[{""source_file"": ""IT.pdf"", ""pdf_page"": 43, ""printed_page"": null}]",589.64,True,200,,frozen
frozen,IT-2565-coop,IT-2565-coop/H05/1,IT-2565-coop: ปี 2 ภาคเรียน 1 ต้องลงทะเบียนกี่วิชา,IT-2565-coop: 6 วิชา (ที่มา: IT.pdf หน้า 40),"[{""source_file"": ""IT.pdf"", ""pdf_page"": ""40"", ""printed_page"": null}]",605.26,True,200,,frozen
frozen,IT-2565-coop,IT-2565-coop/H05/2,IT-2565-coop: ปี 2 ภาคเรียน 1 ต้องลงทะเบียนกี่วิชา,IT-2565-coop: 6 วิชา (ที่มา: IT.pdf หน้า 40),"[{""source_file"": ""IT.pdf"", ""pdf_page"": ""40"", ""printed_page"": null}]",600.01,True,200,,frozen
frozen,IT-2565-coop,IT-2565-coop/H05/3,IT-2565-coop: ปี 2 ภาคเรียน 1 ต้องลงทะเบียนกี่วิชา,IT-2565-coop: 6 วิชา (ที่มา: IT.pdf หน้า 40),"[{""source_file"": ""IT.pdf"", ""pdf_page"": ""40"", ""printed_page"": null}]",600.99,True,200,,frozen
frozen,IT-2565-coop,IT-2565-coop/H06/1,IT-2565-coop: ปี 4 ภาคเรียน 2 ต้องลงทะเบียนกี่วิชา,IT-2565-coop: 5 วิชา (ที่มา: IT.pdf หน้า 44),"[{""source_file"": ""IT.pdf"", ""pdf_page"": ""44"", ""printed_page"": null}]",610.56,True,200,,frozen
frozen,IT-2565-coop,IT-2565-coop/H06/2,IT-2565-coop: ปี 4 ภาคเรียน 2 ต้องลงทะเบียนกี่วิชา,IT-2565-coop: 5 วิชา (ที่มา: IT.pdf หน้า 44),"[{""source_file"": ""IT.pdf"", ""pdf_page"": ""44"", ""printed_page"": null}]",613.62,True,200,,frozen
frozen,IT-2565-coop,IT-2565-coop/H06/3,IT-2565-coop: ปี 4 ภาคเรียน 2 ต้องลงทะเบียนกี่วิชา,IT-2565-coop: 5 วิชา (ที่มา: IT.pdf หน้า 44),"[{""source_file"": ""IT.pdf"", ""pdf_page"": ""44"", ""printed_page"": null}]",608.46,True,200,,frozen
frozen,IT-2565-coop,IT-2565-coop/H07/1,IT-2565-coop: โปรดแสดงรหัสทั้งหมดในแผนปี 2 ภาคเรียน 1,"IT พ.ศ. 2565 — ปี 2 ภาคการศึกษาที่ 1 — แผนสหกิจศึกษา
รายวิชาตามข้อมูลที่นำเข้า
- 06016403 เทคโนโลยีสื่อประสม — 3 หน่วยกิต
- 06016409 การประมวลทางกายภาพ — 3 หน่วยกิต
- 06016413 ระบบเครือข่ายเบื้องต้น — 3 หน่วยกิต
- 06066000 คณิตศาสตร์ไม่ต่อเนื่อง — 3 หน่วยกิต
- 06066300 แนวคิดระบบฐานข้อมูล — 3 หน่วยกิต
- 06066304 การวิเคราะห์และออกแบบระบบสารสนเทศ — 3 หน่วยกิต","[{""source_file"": ""IT.pdf"", ""pdf_page"": 40, ""printed_page"": null}]",619.54,True,200,,frozen
frozen,IT-2565-coop,IT-2565-coop/H07/2,IT-2565-coop: โปรดแสดงรหัสทั้งหมดในแผนปี 2 ภาคเรียน 1,"IT พ.ศ. 2565 — ปี 2 ภาคการศึกษาที่ 1 — แผนสหกิจศึกษา
รายวิชาตามข้อมูลที่นำเข้า
- 06016403 เทคโนโลยีสื่อประสม — 3 หน่วยกิต
- 06016409 การประมวลทางกายภาพ — 3 หน่วยกิต
- 06016413 ระบบเครือข่ายเบื้องต้น — 3 หน่วยกิต
- 06066000 คณิตศาสตร์ไม่ต่อเนื่อง — 3 หน่วยกิต
- 06066300 แนวคิดระบบฐานข้อมูล — 3 หน่วยกิต
- 06066304 การวิเคราะห์และออกแบบระบบสารสนเทศ — 3 หน่วยกิต","[{""source_file"": ""IT.pdf"", ""pdf_page"": 40, ""printed_page"": null}]",598.45,True,200,,frozen
frozen,IT-2565-coop,IT-2565-coop/H07/3,IT-2565-coop: โปรดแสดงรหัสทั้งหมดในแผนปี 2 ภาคเรียน 1,"IT พ.ศ. 2565 — ปี 2 ภาคการศึกษาที่ 1 — แผนสหกิจศึกษา
รายวิชาตามข้อมูลที่นำเข้า
- 06016403 เทคโนโลยีสื่อประสม — 3 หน่วยกิต
- 06016409 การประมวลทางกายภาพ — 3 หน่วยกิต
- 06016413 ระบบเครือข่ายเบื้องต้น — 3 หน่วยกิต
- 06066000 คณิตศาสตร์ไม่ต่อเนื่อง — 3 หน่วยกิต
- 06066300 แนวคิดระบบฐานข้อมูล — 3 หน่วยกิต
- 06066304 การวิเคราะห์และออกแบบระบบสารสนเทศ — 3 หน่วยกิต","[{""source_file"": ""IT.pdf"", ""pdf_page"": 40, ""printed_page"": null}]",582.07,True,200,,frozen
frozen,IT-2565-coop,IT-2565-coop/H08/1,IT-2565-coop: โปรดแสดงรหัสทั้งหมดในแผนปี 4 ภาคเรียน 2,"IT พ.ศ. 2565 — ปี 4 ภาคการศึกษาที่ 2 — แผนสหกิจศึกษา
รายวิชาตามข้อมูลที่นำเข้า
- 06016407 โครงงาน 2 — 3 หน่วยกิต
- 06066100 การบริหารโครงการเทคโนโลยีสารสนเทศ — 3 หน่วยกิต
วิชาศึกษาทั่วไป
- 90642033 กลุ่มวิชาตามเกณฑ์ของคณะ (Faculty requirement)
กฎหมายสำหรับคนรุ่นใหม่ — 3 หน่วยกิต
- ไม่กำหนดรหัส เลือกจากรายวิชาในหมวดนี้ (ยังไม่ยืนยันชื่อหมวดจากข้อมูลที่นำเข้า) — 3 หน่วยกิต
ข้อกำหนดวิชาเลือก
- ไม่กำหนดรหัส เลือกจากรายวิชาในหมวดนี้ (ยังไม่ยืนยันชื่อหมวดจากข้อมูลที่นำเข้า) — 3 หน่วยกิต","[{""source_file"": ""IT.pdf"", ""pdf_page"": 44, ""printed_page"": null}]",596.08,True,200,,frozen
frozen,IT-2565-coop,IT-2565-coop/H08/2,IT-2565-coop: โปรดแสดงรหัสทั้งหมดในแผนปี 4 ภาคเรียน 2,"IT พ.ศ. 2565 — ปี 4 ภาคการศึกษาที่ 2 — แผนสหกิจศึกษา
รายวิชาตามข้อมูลที่นำเข้า
- 06016407 โครงงาน 2 — 3 หน่วยกิต
- 06066100 การบริหารโครงการเทคโนโลยีสารสนเทศ — 3 หน่วยกิต
วิชาศึกษาทั่วไป
- 90642033 กลุ่มวิชาตามเกณฑ์ของคณะ (Faculty requirement)
กฎหมายสำหรับคนรุ่นใหม่ — 3 หน่วยกิต
- ไม่กำหนดรหัส เลือกจากรายวิชาในหมวดนี้ (ยังไม่ยืนยันชื่อหมวดจากข้อมูลที่นำเข้า) — 3 หน่วยกิต
ข้อกำหนดวิชาเลือก
- ไม่กำหนดรหัส เลือกจากรายวิชาในหมวดนี้ (ยังไม่ยืนยันชื่อหมวดจากข้อมูลที่นำเข้า) — 3 หน่วยกิต","[{""source_file"": ""IT.pdf"", ""pdf_page"": 44, ""printed_page"": null}]",617.8,True,200,,frozen
frozen,IT-2565-coop,IT-2565-coop/H08/3,IT-2565-coop: โปรดแสดงรหัสทั้งหมดในแผนปี 4 ภาคเรียน 2,"IT พ.ศ. 2565 — ปี 4 ภาคการศึกษาที่ 2 — แผนสหกิจศึกษา
รายวิชาตามข้อมูลที่นำเข้า
- 06016407 โครงงาน 2 — 3 หน่วยกิต
- 06066100 การบริหารโครงการเทคโนโลยีสารสนเทศ — 3 หน่วยกิต
วิชาศึกษาทั่วไป
- 90642033 กลุ่มวิชาตามเกณฑ์ของคณะ (Faculty requirement)
กฎหมายสำหรับคนรุ่นใหม่ — 3 หน่วยกิต
- ไม่กำหนดรหัส เลือกจากรายวิชาในหมวดนี้ (ยังไม่ยืนยันชื่อหมวดจากข้อมูลที่นำเข้า) — 3 หน่วยกิต
ข้อกำหนดวิชาเลือก
- ไม่กำหนดรหัส เลือกจากรายวิชาในหมวดนี้ (ยังไม่ยืนยันชื่อหมวดจากข้อมูลที่นำเข้า) — 3 หน่วยกิต","[{""source_file"": ""IT.pdf"", ""pdf_page"": 44, ""printed_page"": null}]",618.58,True,200,,frozen
frozen,IT-2565-coop,IT-2565-coop/H09/1,IT-2565-coop: รายวิชารหัส 88888888 มีชื่อภาษาไทยว่าอะไร,ยังยืนยันข้อมูลที่ถามไม่ได้จากฐานข้อมูลที่ค้น: IT-2565-coop ข้อมูลที่นำเข้าอาจไม่ครบ จึงยังสรุปไม่ได้ว่ารายวิชาหรือเงื่อนไขนี้ไม่มีในเล่มหลักสูตร,[],615.55,True,200,,frozen
frozen,IT-2565-coop,IT-2565-coop/H09/2,IT-2565-coop: รายวิชารหัส 88888888 มีชื่อภาษาไทยว่าอะไร,ยังยืนยันข้อมูลที่ถามไม่ได้จากฐานข้อมูลที่ค้น: IT-2565-coop ข้อมูลที่นำเข้าอาจไม่ครบ จึงยังสรุปไม่ได้ว่ารายวิชาหรือเงื่อนไขนี้ไม่มีในเล่มหลักสูตร,[],563.66,True,200,,frozen
frozen,IT-2565-coop,IT-2565-coop/H09/3,IT-2565-coop: รายวิชารหัส 88888888 มีชื่อภาษาไทยว่าอะไร,ยังยืนยันข้อมูลที่ถามไม่ได้จากฐานข้อมูลที่ค้น: IT-2565-coop ข้อมูลที่นำเข้าอาจไม่ครบ จึงยังสรุปไม่ได้ว่ารายวิชาหรือเงื่อนไขนี้ไม่มีในเล่มหลักสูตร,[],578.53,True,200,,frozen
frozen,IT-2565-coop,IT-2565-coop/H10/1,IT-2565-coop: โปรดแสดงรหัสทั้งหมดในแผนปี 7 ภาคเรียน 3,ยังยืนยันข้อมูลที่ถามไม่ได้จากฐานข้อมูลที่ค้น: IT-2565-coop ข้อมูลที่นำเข้าอาจไม่ครบ จึงยังสรุปไม่ได้ว่ารายวิชาหรือเงื่อนไขนี้ไม่มีในเล่มหลักสูตร,[],595.14,True,200,,frozen
frozen,IT-2565-coop,IT-2565-coop/H10/2,IT-2565-coop: โปรดแสดงรหัสทั้งหมดในแผนปี 7 ภาคเรียน 3,ยังยืนยันข้อมูลที่ถามไม่ได้จากฐานข้อมูลที่ค้น: IT-2565-coop ข้อมูลที่นำเข้าอาจไม่ครบ จึงยังสรุปไม่ได้ว่ารายวิชาหรือเงื่อนไขนี้ไม่มีในเล่มหลักสูตร,[],568.47,True,200,,frozen
frozen,IT-2565-coop,IT-2565-coop/H10/3,IT-2565-coop: โปรดแสดงรหัสทั้งหมดในแผนปี 7 ภาคเรียน 3,ยังยืนยันข้อมูลที่ถามไม่ได้จากฐานข้อมูลที่ค้น: IT-2565-coop ข้อมูลที่นำเข้าอาจไม่ครบ จึงยังสรุปไม่ได้ว่ารายวิชาหรือเงื่อนไขนี้ไม่มีในเล่มหลักสูตร,[],609.8,True,200,,frozen
frozen,IT-2565-coop,IT-2565-coop/H11/1,IT-2565-coop: รายวิชารหัส 90642033 มีชื่อภาษาไทยว่าอะไร,"IT-2565-coop: 90642033 กลุ่มวิชาตามเกณฑ์ของคณะ (Faculty requirement)
กฎหมายสำหรับคนรุ่นใหม่ (Faculty requirement LAW FOR NEW GENERATION), 3 หน่วยกิต, L-P-S 3-0-6 (ที่มา: IT.pdf หน้า 44)","[{""source_file"": ""IT.pdf"", ""pdf_page"": 44, ""printed_page"": null}]",712.09,True,200,,frozen
frozen,IT-2565-coop,IT-2565-coop/H11/2,IT-2565-coop: รายวิชารหัส 90642033 มีชื่อภาษาไทยว่าอะไร,"IT-2565-coop: 90642033 กลุ่มวิชาตามเกณฑ์ของคณะ (Faculty requirement)
กฎหมายสำหรับคนรุ่นใหม่ (Faculty requirement LAW FOR NEW GENERATION), 3 หน่วยกิต, L-P-S 3-0-6 (ที่มา: IT.pdf หน้า 44)","[{""source_file"": ""IT.pdf"", ""pdf_page"": 44, ""printed_page"": null}]",629.55,True,200,,frozen
frozen,IT-2565-coop,IT-2565-coop/H11/3,IT-2565-coop: รายวิชารหัส 90642033 มีชื่อภาษาไทยว่าอะไร,"IT-2565-coop: 90642033 กลุ่มวิชาตามเกณฑ์ของคณะ (Faculty requirement)
กฎหมายสำหรับคนรุ่นใหม่ (Faculty requirement LAW FOR NEW GENERATION), 3 หน่วยกิต, L-P-S 3-0-6 (ที่มา: IT.pdf หน้า 44)","[{""source_file"": ""IT.pdf"", ""pdf_page"": 44, ""printed_page"": null}]",601.97,True,200,,frozen
frozen,IT-2565-coop,IT-2565-coop/H12/1,IT-2565-coop: จำนวนหน่วยกิตของรหัส 90644008 เท่ากับเท่าไร,"IT-2565-coop: 90644008 ภาษาอังกฤษพื้นฐาน 2 (FOUNDATION ENGLISH 2), 3 หน่วยกิต, L-P-S 3-0-6 (ที่มา: IT.pdf หน้า 39)","[{""source_file"": ""IT.pdf"", ""pdf_page"": 39, ""printed_page"": null}]",585.37,True,200,,frozen
frozen,IT-2565-coop,IT-2565-coop/H12/2,IT-2565-coop: จำนวนหน่วยกิตของรหัส 90644008 เท่ากับเท่าไร,"IT-2565-coop: 90644008 ภาษาอังกฤษพื้นฐาน 2 (FOUNDATION ENGLISH 2), 3 หน่วยกิต, L-P-S 3-0-6 (ที่มา: IT.pdf หน้า 39)","[{""source_file"": ""IT.pdf"", ""pdf_page"": 39, ""printed_page"": null}]",578.06,True,200,,frozen
frozen,IT-2565-coop,IT-2565-coop/H12/3,IT-2565-coop: จำนวนหน่วยกิตของรหัส 90644008 เท่ากับเท่าไร,"IT-2565-coop: 90644008 ภาษาอังกฤษพื้นฐาน 2 (FOUNDATION ENGLISH 2), 3 หน่วยกิต, L-P-S 3-0-6 (ที่มา: IT.pdf หน้า 39)","[{""source_file"": ""IT.pdf"", ""pdf_page"": 39, ""printed_page"": null}]",580.46,True,200,,frozen
frozen,IT-2565-no-coop,IT-2565-no-coop/H01/1,IT-2565-no-coop: รายวิชารหัส 06016403 มีชื่อภาษาไทยว่าอะไร,"IT-2565-no-coop: 06016403 เทคโนโลยีสื่อประสม (MULTIMEDIA TECHNOLOGY), 3 หน่วยกิต, L-P-S 2-2-5 (ที่มา: IT.pdf หน้า 33)","[{""source_file"": ""IT.pdf"", ""pdf_page"": 33, ""printed_page"": null}]",607.28,True,200,,frozen
frozen,IT-2565-no-coop,IT-2565-no-coop/H01/2,IT-2565-no-coop: รายวิชารหัส 06016403 มีชื่อภาษาไทยว่าอะไร,"IT-2565-no-coop: 06016403 เทคโนโลยีสื่อประสม (MULTIMEDIA TECHNOLOGY), 3 หน่วยกิต, L-P-S 2-2-5 (ที่มา: IT.pdf หน้า 33)","[{""source_file"": ""IT.pdf"", ""pdf_page"": 33, ""printed_page"": null}]",599.97,True,200,,frozen
frozen,IT-2565-no-coop,IT-2565-no-coop/H01/3,IT-2565-no-coop: รายวิชารหัส 06016403 มีชื่อภาษาไทยว่าอะไร,"IT-2565-no-coop: 06016403 เทคโนโลยีสื่อประสม (MULTIMEDIA TECHNOLOGY), 3 หน่วยกิต, L-P-S 2-2-5 (ที่มา: IT.pdf หน้า 33)","[{""source_file"": ""IT.pdf"", ""pdf_page"": 33, ""printed_page"": null}]",597.34,True,200,,frozen
frozen,IT-2565-no-coop,IT-2565-no-coop/H02/1,IT-2565-no-coop: จำนวนหน่วยกิตของรหัส 06016415 เท่ากับเท่าไร,"IT-2565-no-coop: 06016415 การเขียนโปรแกรมเชิงฟังก์ชัน (FUNCTIONAL PROGRAMMING), 3 หน่วยกิต, L-P-S 2-2-5 (ที่มา: IT.pdf หน้า 34)","[{""source_file"": ""IT.pdf"", ""pdf_page"": 34, ""printed_page"": 29}]",591.84,True,200,,frozen
frozen,IT-2565-no-coop,IT-2565-no-coop/H02/2,IT-2565-no-coop: จำนวนหน่วยกิตของรหัส 06016415 เท่ากับเท่าไร,"IT-2565-no-coop: 06016415 การเขียนโปรแกรมเชิงฟังก์ชัน (FUNCTIONAL PROGRAMMING), 3 หน่วยกิต, L-P-S 2-2-5 (ที่มา: IT.pdf หน้า 34)","[{""source_file"": ""IT.pdf"", ""pdf_page"": 34, ""printed_page"": 29}]",619.68,True,200,,frozen
frozen,IT-2565-no-coop,IT-2565-no-coop/H02/3,IT-2565-no-coop: จำนวนหน่วยกิตของรหัส 06016415 เท่ากับเท่าไร,"IT-2565-no-coop: 06016415 การเขียนโปรแกรมเชิงฟังก์ชัน (FUNCTIONAL PROGRAMMING), 3 หน่วยกิต, L-P-S 2-2-5 (ที่มา: IT.pdf หน้า 34)","[{""source_file"": ""IT.pdf"", ""pdf_page"": 34, ""printed_page"": 29}]",575.68,True,200,,frozen
frozen,IT-2565-no-coop,IT-2565-no-coop/H03/1,IT-2565-no-coop: รายวิชารหัส 06066100 มีชื่อภาษาไทยว่าอะไร,"IT-2565-no-coop: 06066100 การบริหารโครงการเทคโนโลยีสารสนเทศ (INFORMATION TECHNOLOGY PROJECT MANAGEMENT), 3 หน่วยกิต, L-P-S 3-0-6 (ที่มา: IT.pdf หน้า 36)","[{""source_file"": ""IT.pdf"", ""pdf_page"": 36, ""printed_page"": null}]",625.94,True,200,,frozen
frozen,IT-2565-no-coop,IT-2565-no-coop/H03/2,IT-2565-no-coop: รายวิชารหัส 06066100 มีชื่อภาษาไทยว่าอะไร,"IT-2565-no-coop: 06066100 การบริหารโครงการเทคโนโลยีสารสนเทศ (INFORMATION TECHNOLOGY PROJECT MANAGEMENT), 3 หน่วยกิต, L-P-S 3-0-6 (ที่มา: IT.pdf หน้า 36)","[{""source_file"": ""IT.pdf"", ""pdf_page"": 36, ""printed_page"": null}]",608.79,True,200,,frozen
frozen,IT-2565-no-coop,IT-2565-no-coop/H03/3,IT-2565-no-coop: รายวิชารหัส 06066100 มีชื่อภาษาไทยว่าอะไร,"IT-2565-no-coop: 06066100 การบริหารโครงการเทคโนโลยีสารสนเทศ (INFORMATION TECHNOLOGY PROJECT MANAGEMENT), 3 หน่วยกิต, L-P-S 3-0-6 (ที่มา: IT.pdf หน้า 36)","[{""source_file"": ""IT.pdf"", ""pdf_page"": 36, ""printed_page"": null}]",590.64,True,200,,frozen
frozen,IT-2565-no-coop,IT-2565-no-coop/H04/1,IT-2565-no-coop: จำนวนหน่วยกิตของรหัส 90643021 เท่ากับเท่าไร,"IT-2565-no-coop: 90643021 กลุ่มวิชาตามเกณฑ์ของคณะ (Faculty requirement) ผู้ประกอบการสมัยใหม่ (MODERN ENTREPRENEURS), 3 หน่วยกิต, L-P-S 3-0-6 (ที่มา: IT.pdf หน้า 37)","[{""source_file"": ""IT.pdf"", ""pdf_page"": 37, ""printed_page"": null}]",576.11,True,200,,frozen
frozen,IT-2565-no-coop,IT-2565-no-coop/H04/2,IT-2565-no-coop: จำนวนหน่วยกิตของรหัส 90643021 เท่ากับเท่าไร,"IT-2565-no-coop: 90643021 กลุ่มวิชาตามเกณฑ์ของคณะ (Faculty requirement) ผู้ประกอบการสมัยใหม่ (MODERN ENTREPRENEURS), 3 หน่วยกิต, L-P-S 3-0-6 (ที่มา: IT.pdf หน้า 37)","[{""source_file"": ""IT.pdf"", ""pdf_page"": 37, ""printed_page"": null}]",612.8,True,200,,frozen
frozen,IT-2565-no-coop,IT-2565-no-coop/H04/3,IT-2565-no-coop: จำนวนหน่วยกิตของรหัส 90643021 เท่ากับเท่าไร,"IT-2565-no-coop: 90643021 กลุ่มวิชาตามเกณฑ์ของคณะ (Faculty requirement) ผู้ประกอบการสมัยใหม่ (MODERN ENTREPRENEURS), 3 หน่วยกิต, L-P-S 3-0-6 (ที่มา: IT.pdf หน้า 37)","[{""source_file"": ""IT.pdf"", ""pdf_page"": 37, ""printed_page"": null}]",629.13,True,200,,frozen
frozen,IT-2565-no-coop,IT-2565-no-coop/H05/1,IT-2565-no-coop: ปี 2 ภาคเรียน 1 ต้องลงทะเบียนกี่วิชา,IT-2565-no-coop: 6 วิชา (ที่มา: IT.pdf หน้า 33),"[{""source_file"": ""IT.pdf"", ""pdf_page"": ""33"", ""printed_page"": null}]",612.85,True,200,,frozen
frozen,IT-2565-no-coop,IT-2565-no-coop/H05/2,IT-2565-no-coop: ปี 2 ภาคเรียน 1 ต้องลงทะเบียนกี่วิชา,IT-2565-no-coop: 6 วิชา (ที่มา: IT.pdf หน้า 33),"[{""source_file"": ""IT.pdf"", ""pdf_page"": ""33"", ""printed_page"": null}]",583.59,True,200,,frozen
frozen,IT-2565-no-coop,IT-2565-no-coop/H05/3,IT-2565-no-coop: ปี 2 ภาคเรียน 1 ต้องลงทะเบียนกี่วิชา,IT-2565-no-coop: 6 วิชา (ที่มา: IT.pdf หน้า 33),"[{""source_file"": ""IT.pdf"", ""pdf_page"": ""33"", ""printed_page"": null}]",581.16,True,200,,frozen
frozen,IT-2565-no-coop,IT-2565-no-coop/H06/1,IT-2565-no-coop: ปี 4 ภาคเรียน 2 ต้องลงทะเบียนกี่วิชา,IT-2565-no-coop: 3 วิชา (ที่มา: IT.pdf หน้า 37),"[{""source_file"": ""IT.pdf"", ""pdf_page"": ""37"", ""printed_page"": null}]",593.94,True,200,,frozen
frozen,IT-2565-no-coop,IT-2565-no-coop/H06/2,IT-2565-no-coop: ปี 4 ภาคเรียน 2 ต้องลงทะเบียนกี่วิชา,IT-2565-no-coop: 3 วิชา (ที่มา: IT.pdf หน้า 37),"[{""source_file"": ""IT.pdf"", ""pdf_page"": ""37"", ""printed_page"": null}]",589.54,True,200,,frozen
frozen,IT-2565-no-coop,IT-2565-no-coop/H06/3,IT-2565-no-coop: ปี 4 ภาคเรียน 2 ต้องลงทะเบียนกี่วิชา,IT-2565-no-coop: 3 วิชา (ที่มา: IT.pdf หน้า 37),"[{""source_file"": ""IT.pdf"", ""pdf_page"": ""37"", ""printed_page"": null}]",576.16,True,200,,frozen
frozen,IT-2565-no-coop,IT-2565-no-coop/H07/1,IT-2565-no-coop: โปรดแสดงรหัสทั้งหมดในแผนปี 2 ภาคเรียน 1,"IT พ.ศ. 2565 — ปี 2 ภาคการศึกษาที่ 1 — แผนไม่สหกิจศึกษา
รายวิชาตามข้อมูลที่นำเข้า
- 06016403 เทคโนโลยีสื่อประสม — 3 หน่วยกิต
- 06016409 การประมวลทางกายภาพ — 3 หน่วยกิต
- 06016413 ระบบเครือข่ายเบื้องต้น — 3 หน่วยกิต
- 06066000 คณิตศาสตร์ไม่ต่อเนื่อง — 3 หน่วยกิต
- 06066300 แนวคิดระบบฐานข้อมูล — 3 หน่วยกิต
- 06066304 การวิเคราะห์และออกแบบระบบสารสนเทศ — 3 หน่วยกิต","[{""source_file"": ""IT.pdf"", ""pdf_page"": 33, ""printed_page"": null}]",592.66,True,200,,frozen
frozen,IT-2565-no-coop,IT-2565-no-coop/H07/2,IT-2565-no-coop: โปรดแสดงรหัสทั้งหมดในแผนปี 2 ภาคเรียน 1,"IT พ.ศ. 2565 — ปี 2 ภาคการศึกษาที่ 1 — แผนไม่สหกิจศึกษา
รายวิชาตามข้อมูลที่นำเข้า
- 06016403 เทคโนโลยีสื่อประสม — 3 หน่วยกิต
- 06016409 การประมวลทางกายภาพ — 3 หน่วยกิต
- 06016413 ระบบเครือข่ายเบื้องต้น — 3 หน่วยกิต
- 06066000 คณิตศาสตร์ไม่ต่อเนื่อง — 3 หน่วยกิต
- 06066300 แนวคิดระบบฐานข้อมูล — 3 หน่วยกิต
- 06066304 การวิเคราะห์และออกแบบระบบสารสนเทศ — 3 หน่วยกิต","[{""source_file"": ""IT.pdf"", ""pdf_page"": 33, ""printed_page"": null}]",609.99,True,200,,frozen
frozen,IT-2565-no-coop,IT-2565-no-coop/H07/3,IT-2565-no-coop: โปรดแสดงรหัสทั้งหมดในแผนปี 2 ภาคเรียน 1,"IT พ.ศ. 2565 — ปี 2 ภาคการศึกษาที่ 1 — แผนไม่สหกิจศึกษา
รายวิชาตามข้อมูลที่นำเข้า
- 06016403 เทคโนโลยีสื่อประสม — 3 หน่วยกิต
- 06016409 การประมวลทางกายภาพ — 3 หน่วยกิต
- 06016413 ระบบเครือข่ายเบื้องต้น — 3 หน่วยกิต
- 06066000 คณิตศาสตร์ไม่ต่อเนื่อง — 3 หน่วยกิต
- 06066300 แนวคิดระบบฐานข้อมูล — 3 หน่วยกิต
- 06066304 การวิเคราะห์และออกแบบระบบสารสนเทศ — 3 หน่วยกิต","[{""source_file"": ""IT.pdf"", ""pdf_page"": 33, ""printed_page"": null}]",580.38,True,200,,frozen
frozen,IT-2565-no-coop,IT-2565-no-coop/H08/1,IT-2565-no-coop: โปรดแสดงรหัสทั้งหมดในแผนปี 4 ภาคเรียน 2,"IT พ.ศ. 2565 — ปี 4 ภาคการศึกษาที่ 2 — แผนไม่สหกิจศึกษา
รายวิชาตามข้อมูลที่นำเข้า
- 06016407 โครงงาน 2 — 3 หน่วยกิต
วิชาศึกษาทั่วไป
- ไม่กำหนดรหัส เลือกจากรายวิชาในหมวดนี้ (ยังไม่ยืนยันชื่อหมวดจากข้อมูลที่นำเข้า) — 3 หน่วยกิต
วิชาเลือกเสรี
- ไม่กำหนดรหัส เลือกจากรายวิชาในหมวดนี้ (ยังไม่ยืนยันชื่อหมวดจากข้อมูลที่นำเข้า) — 3 หน่วยกิต","[{""source_file"": ""IT.pdf"", ""pdf_page"": 37, ""printed_page"": null}]",650.87,True,200,,frozen
frozen,IT-2565-no-coop,IT-2565-no-coop/H08/2,IT-2565-no-coop: โปรดแสดงรหัสทั้งหมดในแผนปี 4 ภาคเรียน 2,"IT พ.ศ. 2565 — ปี 4 ภาคการศึกษาที่ 2 — แผนไม่สหกิจศึกษา
รายวิชาตามข้อมูลที่นำเข้า
- 06016407 โครงงาน 2 — 3 หน่วยกิต
วิชาศึกษาทั่วไป
- ไม่กำหนดรหัส เลือกจากรายวิชาในหมวดนี้ (ยังไม่ยืนยันชื่อหมวดจากข้อมูลที่นำเข้า) — 3 หน่วยกิต
วิชาเลือกเสรี
- ไม่กำหนดรหัส เลือกจากรายวิชาในหมวดนี้ (ยังไม่ยืนยันชื่อหมวดจากข้อมูลที่นำเข้า) — 3 หน่วยกิต","[{""source_file"": ""IT.pdf"", ""pdf_page"": 37, ""printed_page"": null}]",588.97,True,200,,frozen
frozen,IT-2565-no-coop,IT-2565-no-coop/H08/3,IT-2565-no-coop: โปรดแสดงรหัสทั้งหมดในแผนปี 4 ภาคเรียน 2,"IT พ.ศ. 2565 — ปี 4 ภาคการศึกษาที่ 2 — แผนไม่สหกิจศึกษา
รายวิชาตามข้อมูลที่นำเข้า
- 06016407 โครงงาน 2 — 3 หน่วยกิต
วิชาศึกษาทั่วไป
- ไม่กำหนดรหัส เลือกจากรายวิชาในหมวดนี้ (ยังไม่ยืนยันชื่อหมวดจากข้อมูลที่นำเข้า) — 3 หน่วยกิต
วิชาเลือกเสรี
- ไม่กำหนดรหัส เลือกจากรายวิชาในหมวดนี้ (ยังไม่ยืนยันชื่อหมวดจากข้อมูลที่นำเข้า) — 3 หน่วยกิต","[{""source_file"": ""IT.pdf"", ""pdf_page"": 37, ""printed_page"": null}]",585.21,True,200,,frozen
frozen,IT-2565-no-coop,IT-2565-no-coop/H09/1,IT-2565-no-coop: รายวิชารหัส 88888888 มีชื่อภาษาไทยว่าอะไร,ยังยืนยันข้อมูลที่ถามไม่ได้จากฐานข้อมูลที่ค้น: IT-2565-no-coop ข้อมูลที่นำเข้าอาจไม่ครบ จึงยังสรุปไม่ได้ว่ารายวิชาหรือเงื่อนไขนี้ไม่มีในเล่มหลักสูตร,[],585.66,True,200,,frozen
frozen,IT-2565-no-coop,IT-2565-no-coop/H09/2,IT-2565-no-coop: รายวิชารหัส 88888888 มีชื่อภาษาไทยว่าอะไร,ยังยืนยันข้อมูลที่ถามไม่ได้จากฐานข้อมูลที่ค้น: IT-2565-no-coop ข้อมูลที่นำเข้าอาจไม่ครบ จึงยังสรุปไม่ได้ว่ารายวิชาหรือเงื่อนไขนี้ไม่มีในเล่มหลักสูตร,[],606.96,True,200,,frozen
frozen,IT-2565-no-coop,IT-2565-no-coop/H09/3,IT-2565-no-coop: รายวิชารหัส 88888888 มีชื่อภาษาไทยว่าอะไร,ยังยืนยันข้อมูลที่ถามไม่ได้จากฐานข้อมูลที่ค้น: IT-2565-no-coop ข้อมูลที่นำเข้าอาจไม่ครบ จึงยังสรุปไม่ได้ว่ารายวิชาหรือเงื่อนไขนี้ไม่มีในเล่มหลักสูตร,[],642.11,True,200,,frozen
frozen,IT-2565-no-coop,IT-2565-no-coop/H10/1,IT-2565-no-coop: โปรดแสดงรหัสทั้งหมดในแผนปี 7 ภาคเรียน 3,ยังยืนยันข้อมูลที่ถามไม่ได้จากฐานข้อมูลที่ค้น: IT-2565-no-coop ข้อมูลที่นำเข้าอาจไม่ครบ จึงยังสรุปไม่ได้ว่ารายวิชาหรือเงื่อนไขนี้ไม่มีในเล่มหลักสูตร,[],617.08,True,200,,frozen
frozen,IT-2565-no-coop,IT-2565-no-coop/H10/2,IT-2565-no-coop: โปรดแสดงรหัสทั้งหมดในแผนปี 7 ภาคเรียน 3,ยังยืนยันข้อมูลที่ถามไม่ได้จากฐานข้อมูลที่ค้น: IT-2565-no-coop ข้อมูลที่นำเข้าอาจไม่ครบ จึงยังสรุปไม่ได้ว่ารายวิชาหรือเงื่อนไขนี้ไม่มีในเล่มหลักสูตร,[],621.58,True,200,,frozen
frozen,IT-2565-no-coop,IT-2565-no-coop/H10/3,IT-2565-no-coop: โปรดแสดงรหัสทั้งหมดในแผนปี 7 ภาคเรียน 3,ยังยืนยันข้อมูลที่ถามไม่ได้จากฐานข้อมูลที่ค้น: IT-2565-no-coop ข้อมูลที่นำเข้าอาจไม่ครบ จึงยังสรุปไม่ได้ว่ารายวิชาหรือเงื่อนไขนี้ไม่มีในเล่มหลักสูตร,[],605.59,True,200,,frozen
frozen,IT-2565-no-coop,IT-2565-no-coop/H11/1,IT-2565-no-coop: รายวิชารหัส 90642033 มีชื่อภาษาไทยว่าอะไร,"IT-2565-no-coop: 90642033 กลุ่มวิชาตามเกณฑ์ของคณะ (Faculty requirement)
กฎหมายสำหรับคนรุ่นใหม่ (Faculty requirement LAW FOR NEW GENERATION), 3 หน่วยกิต, L-P-S 3-0-6 (ที่มา: IT.pdf หน้า 36)","[{""source_file"": ""IT.pdf"", ""pdf_page"": 36, ""printed_page"": null}]",624.7,True,200,,frozen
frozen,IT-2565-no-coop,IT-2565-no-coop/H11/2,IT-2565-no-coop: รายวิชารหัส 90642033 มีชื่อภาษาไทยว่าอะไร,"IT-2565-no-coop: 90642033 กลุ่มวิชาตามเกณฑ์ของคณะ (Faculty requirement)
กฎหมายสำหรับคนรุ่นใหม่ (Faculty requirement LAW FOR NEW GENERATION), 3 หน่วยกิต, L-P-S 3-0-6 (ที่มา: IT.pdf หน้า 36)","[{""source_file"": ""IT.pdf"", ""pdf_page"": 36, ""printed_page"": null}]",602.59,True,200,,frozen
frozen,IT-2565-no-coop,IT-2565-no-coop/H11/3,IT-2565-no-coop: รายวิชารหัส 90642033 มีชื่อภาษาไทยว่าอะไร,"IT-2565-no-coop: 90642033 กลุ่มวิชาตามเกณฑ์ของคณะ (Faculty requirement)
กฎหมายสำหรับคนรุ่นใหม่ (Faculty requirement LAW FOR NEW GENERATION), 3 หน่วยกิต, L-P-S 3-0-6 (ที่มา: IT.pdf หน้า 36)","[{""source_file"": ""IT.pdf"", ""pdf_page"": 36, ""printed_page"": null}]",634.75,True,200,,frozen
frozen,IT-2565-no-coop,IT-2565-no-coop/H12/1,IT-2565-no-coop: จำนวนหน่วยกิตของรหัส 90644008 เท่ากับเท่าไร,"IT-2565-no-coop: 90644008 ภาษาอังกฤษพื้นฐาน 2 (FOUNDATION ENGLISH 2), 3 หน่วยกิต, L-P-S 3-0-6 (ที่มา: IT.pdf หน้า 32)","[{""source_file"": ""IT.pdf"", ""pdf_page"": 32, ""printed_page"": null}]",634.5,True,200,,frozen
frozen,IT-2565-no-coop,IT-2565-no-coop/H12/2,IT-2565-no-coop: จำนวนหน่วยกิตของรหัส 90644008 เท่ากับเท่าไร,"IT-2565-no-coop: 90644008 ภาษาอังกฤษพื้นฐาน 2 (FOUNDATION ENGLISH 2), 3 หน่วยกิต, L-P-S 3-0-6 (ที่มา: IT.pdf หน้า 32)","[{""source_file"": ""IT.pdf"", ""pdf_page"": 32, ""printed_page"": null}]",591.58,True,200,,frozen
frozen,IT-2565-no-coop,IT-2565-no-coop/H12/3,IT-2565-no-coop: จำนวนหน่วยกิตของรหัส 90644008 เท่ากับเท่าไร,"IT-2565-no-coop: 90644008 ภาษาอังกฤษพื้นฐาน 2 (FOUNDATION ENGLISH 2), 3 หน่วยกิต, L-P-S 3-0-6 (ที่มา: IT.pdf หน้า 32)","[{""source_file"": ""IT.pdf"", ""pdf_page"": 32, ""printed_page"": null}]",651.5,True,200,,frozen
unknown-grounding,legacy-course-catalog,legacy-course-catalog/unknown-summary/1,legacy: ช่วยสรุปข้อมูลที่บันทึกไว้ของหลักสูตรนี้,"legacy-course-catalog — ชื่อภาษาไทย: จอมเกล้าเจ้าคูณท
legacy-course-catalog — ชื่อภาษาอังกฤษ: เทคโนโลยีสารสนเทศ
legacy-course-catalog — ชื่อภาษาไทย: สารบัญ","[{""source_file"": ""IT.pdf"", ""pdf_page"": 1, ""printed_page"": null}, {""source_file"": ""IT.pdf"", ""pdf_page"": 2, ""printed_page"": null}, {""source_file"": ""IT.pdf"", ""pdf_page"": 3, ""printed_page"": null}, {""source_file"": ""IT.pdf"", ""pdf_page"": 4, ""printed_page"": null}, {""source_file"": ""IT.pdf"", ""pdf_page"": 5, ""printed_page"": null}]",5863.59,True,200,,unknown-grounding
unknown-grounding,AI-2566-coop,AI-2566-coop/unknown-summary/1,AI-2566-coop: ช่วยสรุปข้อมูลที่บันทึกไว้ของหลักสูตรนี้,AI-2566-coop — ชื่อภาษาไทย: เทคโนโลยีปัญญาประดิษฐ์; หน่วยกิตรวม: 120; ระยะเวลาศึกษา (ปี): 4,"[{""source_file"": ""AI.pdf"", ""pdf_page"": 26, ""printed_page"": null}]",2714.42,True,200,,unknown-grounding
unknown-grounding,BIT-2560-coop,BIT-2560-coop/unknown-summary/1,BIT-2560-coop: ช่วยสรุปข้อมูลที่บันทึกไว้ของหลักสูตรนี้,BIT-2560-coop — ชื่อภาษาไทย: เทคโนโลยีสารสนเทศทางธุรกิจ (สหกิจศึกษา); หน่วยกิตรวม: 126; ระยะเวลาศึกษา (ปี): 4,"[{""source_file"": ""BIT-60.pdf"", ""pdf_page"": 30, ""printed_page"": null}]",3519.99,True,200,,unknown-grounding
unknown-grounding,BIT-2560-no-coop,BIT-2560-no-coop/unknown-summary/1,BIT-2560-no-coop: ช่วยสรุปข้อมูลที่บันทึกไว้ของหลักสูตรนี้,BIT-2560-no-coop — ชื่อภาษาไทย: เทคโนโลยีสารสนเทศทางธุรกิจ (ไม่เข้าร่วมสหกิจศึกษา); หน่วยกิตรวม: 126; ระยะเวลาศึกษา (ปี): 4,"[{""source_file"": ""BIT-60.pdf"", ""pdf_page"": 26, ""printed_page"": null}]",2819.68,True,200,,unknown-grounding
unknown-grounding,BIT-2565-coop,BIT-2565-coop/unknown-summary/1,BIT-2565-coop: ช่วยสรุปข้อมูลที่บันทึกไว้ของหลักสูตรนี้,BIT-2565-coop — ชื่อภาษาไทย: เทคโนโลยีสารสนเทศทางธุรกิจ (สหกิจศึกษา); หน่วยกิตรวม: 126; ระยะเวลาศึกษา (ปี): 4,"[{""source_file"": ""BIT-65.pdf"", ""pdf_page"": 35, ""printed_page"": null}]",3348.43,True,200,,unknown-grounding
unknown-grounding,BIT-2565-no-coop,BIT-2565-no-coop/unknown-summary/1,BIT-2565-no-coop: ช่วยสรุปข้อมูลที่บันทึกไว้ของหลักสูตรนี้,BIT-2565-no-coop — ชื่อภาษาไทย: เทคโนโลยีสารสนเทศทางธุรกิจ (ไม่เข้าร่วมสหกิจศึกษา); หน่วยกิตรวม: 126; ระยะเวลาศึกษา (ปี): 4,"[{""source_file"": ""BIT-65.pdf"", ""pdf_page"": 30, ""printed_page"": null}]",3476.5,True,200,,unknown-grounding
unknown-grounding,DSBA-2560-coop,DSBA-2560-coop/unknown-summary/1,DSBA-2560-coop: ช่วยสรุปข้อมูลที่บันทึกไว้ของหลักสูตรนี้,DSBA-2560-coop — ชื่อภาษาไทย: วิทยาการข้อมูลและการวิเคราะห์เชิงธุรกิจ (สหกิจศึกษา); หน่วยกิตรวม: 126; ระยะเวลาศึกษา (ปี): 4,"[{""source_file"": ""DSBA-60.pdf"", ""pdf_page"": 34, ""printed_page"": null}]",4781.38,True,200,,unknown-grounding
unknown-grounding,DSBA-2560-no-coop,DSBA-2560-no-coop/unknown-summary/1,DSBA-2560-no-coop: ช่วยสรุปข้อมูลที่บันทึกไว้ของหลักสูตรนี้,DSBA-2560-no-coop — ชื่อภาษาไทย: วิทยาการข้อมูลและการวิเคราะห์เชิงธุรกิจ (ไม่เข้าร่วมสหกิจศึกษา); หน่วยกิตรวม: 126; ระยะเวลาศึกษา (ปี): 4,"[{""source_file"": ""DSBA-60.pdf"", ""pdf_page"": 29, ""printed_page"": null}]",4034.33,True,200,,unknown-grounding
unknown-grounding,DSBA-2565-coop,DSBA-2565-coop/unknown-summary/1,DSBA-2565-coop: ช่วยสรุปข้อมูลที่บันทึกไว้ของหลักสูตรนี้,DSBA-2565-coop — ชื่อภาษาไทย: วิทยาการข้อมูลและการวิเคราะห์เชิงธุรกิจ (สหกิจศึกษา); หน่วยกิตรวม: 132; ระยะเวลาศึกษา (ปี): 4,"[{""source_file"": ""DSBA.pdf"", ""pdf_page"": 36, ""printed_page"": null}]",4054.94,True,200,,unknown-grounding
unknown-grounding,DSBA-2565-no-coop,DSBA-2565-no-coop/unknown-summary/1,DSBA-2565-no-coop: ช่วยสรุปข้อมูลที่บันทึกไว้ของหลักสูตรนี้,DSBA-2565-no-coop — ชื่อภาษาไทย: วิทยาการข้อมูลและการวิเคราะห์เชิงธุรกิจ (ไม่เข้าร่วมสหกิจศึกษา); หน่วยกิตรวม: 132; ระยะเวลาศึกษา (ปี): 4,"[{""source_file"": ""DSBA.pdf"", ""pdf_page"": 29, ""printed_page"": null}]",3315.97,True,200,,unknown-grounding
unknown-grounding,IT-2560-coop,IT-2560-coop/unknown-summary/1,IT-2560-coop: ช่วยสรุปข้อมูลที่บันทึกไว้ของหลักสูตรนี้,IT-2560-coop — ชื่อภาษาไทย: เทคโนโลยีสารสนเทศ (สหกิจศึกษา); หน่วยกิตรวม: 130; ระยะเวลาศึกษา (ปี): 4,"[{""source_file"": ""IT-60.pdf"", ""pdf_page"": 40, ""printed_page"": null}]",2831.09,True,200,,unknown-grounding
unknown-grounding,IT-2560-no-coop,IT-2560-no-coop/unknown-summary/1,IT-2560-no-coop: ช่วยสรุปข้อมูลที่บันทึกไว้ของหลักสูตรนี้,IT-2560-no-coop — ชื่อภาษาไทย: เทคโนโลยีสารสนเทศ (ไม่เข้าร่วมสหกิจศึกษา); หน่วยกิตรวม: 130; ระยะเวลาศึกษา (ปี): 4,"[{""source_file"": ""IT-60.pdf"", ""pdf_page"": 33, ""printed_page"": null}]",2774.12,True,200,,unknown-grounding
unknown-grounding,IT-2565-coop,IT-2565-coop/unknown-summary/1,IT-2565-coop: ช่วยสรุปข้อมูลที่บันทึกไว้ของหลักสูตรนี้,IT-2565-coop — ชื่อภาษาไทย: เทคโนโลยีสารสนเทศ (สหกิจศึกษา); หน่วยกิตรวม: 129; ระยะเวลาศึกษา (ปี): 4,"[{""source_file"": ""IT.pdf"", ""pdf_page"": 44, ""printed_page"": null}]",2500.09,True,200,,unknown-grounding
unknown-grounding,IT-2565-no-coop,IT-2565-no-coop/unknown-summary/1,IT-2565-no-coop: ช่วยสรุปข้อมูลที่บันทึกไว้ของหลักสูตรนี้,IT-2565-no-coop — ชื่อภาษาไทย: เทคโนโลยีสารสนเทศ (ไม่เข้าร่วมสหกิจศึกษา); หน่วยกิตรวม: 129; ระยะเวลาศึกษา (ปี): 4,"[{""source_file"": ""IT.pdf"", ""pdf_page"": 37, ""printed_page"": null}]",2483.31,True,200,,unknown-grounding
L3-db-set-replay,DSBA-coop,L3-1,หลักสูตร DSBA แผนสหกิจ วิชาใดมีในหลักสูตรเดิม แต่ไม่มีในหลักสูตรฉบับปรับปรุง,"รายวิชาที่มีในฉบับ 2560 แต่ไม่มีในฉบับ 2565 — แผนสหกิจ: 06026100 พื้นฐานทางด้านเทคโนโลยีสารสนเทศ, 06026101 คณิตศาสตร์สำหรับเทคโนโลยีสารสนเทศ, 06026102 คณิตศาสตร์ไม่ต่อเนื่อง, 06026103 ความน่าจะเป็นและสถิติ, 06026104 การสร้างโปรแกรมคอมพิวเตอร์, 06026105 เครือข่ายคอมพิวเตอร์เบื้องต้น, 06026106 แนวคิดระบบฐานข้อมูล, 06026107 โครงสร้างข้อมูลและอัลกอริทึม, 06026108 ระบบสารสนเทศเพื่อการจัดการ, 06026109 เทคโนโลยีเว็บ, 06026110 บัญชีการเงิน, 06026111 ฐานข้อมูลแบบโนเอสคิวแอล, 06026112 การวิเคราะห์และออกแบบระบบสารสนเทศทางธุรกิจ, 06026113 การสร้างโปรแกรมทางสถิติ, 06026114 กระบวนการธุรกิจและการวางแผนทรัพยากรองค์กร, 06026115 อัจฉริยะทางธุรกิจเบื้องต้น, 06026116 การวิเคราะห์ข้อมูลเชิงธุรกิจ, 06026117 พื้นฐานวิทยาการข้อมูล, 06026118 การบริหารโครงการเทคโนโลยีสารสนเทศ, 06026119 ความมั่นคงของระบบสารสนเทศและกฎหมายไอที, 06026120 การสร้างคลังข้อมูล, 06026121 การทำเหมืองข้อมูลและการวิเคราะห์ข้อมูลขนาดใหญ่, 06026122 วิทยาการข้อมูลสำหรับธุรกิจ, 06026123 สัมมนาทางด้านทักษะการสื่อสารในวิชาชีพ, 06026124 การแสดงข้อมูลด้วยแผนภาพ, 06026125 การเรียนรู้ของเครื่องจักร, 06026126 การบริหารเชิงกลยุทธ์และสมรรถะของธุรกิจ, 06026127 โครงงานวิทยาการข้อมูลและการวิเคราะห์เชิงธุรกิจ 1, 06026128 โครงงานวิทยาการข้อมูลและการวิเคราะห์เชิงธุรกิจ 2, 06026130 สหกิจศึกษาทางวิทยาการข้อมูลและการวิเคราะห์เชิงธุรกิจ, 06026131 สหกิจศึกษาต่างประเทศทางวิทยาการข้อมูลและการวิเคราะห์เชิงธุรกิจ, 90101007 คณิตเศรษฐศาสตร์เบื้องต้น, 90201001 ภาษาอังกฤษพื้นฐาน 1, 90201002 ภาษาอังกฤษพื้นฐาน 2, 90201012 การพัฒนาทักษะการอ่านและการเขียนภาษาอังกฤษ, 90201026 ภาษาอังกฤษเพื่อการสื่อสาร, 90304004 การเขียนรายงาน, 90401012 ความรู้เบื้องต้นทางการตลาด, 90401013 ความรู้ทั่วไปเกี่ยวกับธุรกิจ","[{""source_file"": ""DSBA-60.pdf"", ""pdf_page"": 30, ""printed_page"": null}, {""source_file"": ""DSBA.pdf"", ""pdf_page"": 30, ""printed_page"": null}, {""source_file"": ""DSBA-60.pdf"", ""pdf_page"": 31, ""printed_page"": null}, {""source_file"": ""DSBA-60.pdf"", ""pdf_page"": 32, ""printed_page"": null}, {""source_file"": ""DSBA-60.pdf"", ""pdf_page"": 33, ""printed_page"": null}, {""source_file"": ""DSBA-60.pdf"", ""pdf_page"": 34, ""printed_page"": null}]",1492.76,True,200,,"Imported code-set calculation, not full-book or semantic equivalence accuracy"
L3-db-set-replay,DSBA-no-coop,L3-2,หลักสูตร DSBA แผนไม่เข้าร่วมสหกิจ วิชาใดมีในหลักสูตรเดิม แต่ไม่มีในหลักสูตรฉบับปรับปรุง,"รายวิชาที่มีในฉบับ 2560 แต่ไม่มีในฉบับ 2565 — แผนไม่สหกิจ: 06026100 พื้นฐานทางด้านเทคโนโลยีสารสนเทศ, 06026101 คณิตศาสตร์สำหรับเทคโนโลยีสารสนเทศ, 06026102 คณิตศาสตร์ไม่ต่อเนื่อง, 06026103 ความน่าจะเป็นและสถิติ, 06026104 การสร้างโปรแกรมคอมพิวเตอร์, 06026105 เครือข่ายคอมพิวเตอร์เบื้องต้น, 06026106 แนวคิดระบบฐานข้อมูล, 06026107 โครงสร้างข้อมูลและอัลกอริทึม, 06026108 ระบบสารสนเทศเพื่อการจัดการ, 06026109 เทคโนโลยีเว็บ, 06026110 บัญชีการเงิน, 06026111 ฐานข้อมูลแบบโนเอสคิวแอล, 06026112 การวิเคราะห์และออกแบบระบบสารสนเทศทางธุรกิจ, 06026113 การสร้างโปรแกรมทางสถิติ, 06026114 กระบวนการธุรกิจและการวางแผนทรัพยากรองค์กร, 06026115 อัจฉริยะทางธุรกิจเบื้องต้น, 06026116 การวิเคราะห์ข้อมูลเชิงธุรกิจ, 06026117 พื้นฐานวิทยาการข้อมูล, 06026118 การบริหารโครงการเทคโนโลยีสารสนเทศ, 06026119 ความมั่นคงของระบบสารสนเทศและกฎหมายไอที, 06026120 การสร้างคลังข้อมูล, 06026121 การทำเหมืองข้อมูลและการวิเคราะห์ข้อมูลขนาดใหญ่, 06026122 วิทยาการข้อมูลสำหรับธุรกิจ, 06026123 สัมมนาทางด้านทักษะการสื่อสารในวิชาชีพ, 06026124 การแสดงข้อมูลด้วยแผนภาพ, 06026125 การเรียนรู้ของเครื่องจักร, 06026126 การบริหารเชิงกลยุทธ์และสมรรถะของธุรกิจ, 06026127 โครงงานวิทยาการข้อมูลและการวิเคราะห์เชิงธุรกิจ 1, 06026128 โครงงานวิทยาการข้อมูลและการวิเคราะห์เชิงธุรกิจ 2, 06026129 ฝึกวิชาชีพวิทยาการข้อมูลและการวิเคราะห์เชิงธุรกิจ, 90101007 คณิตเศรษฐศาสตร์เบื้องต้น, 90201001 ภาษาอังกฤษพื้นฐาน 1, 90201002 ภาษาอังกฤษพื้นฐาน 2, 90201012 การพัฒนาทักษะการอ่านและการเขียนภาษาอังกฤษ, 90201026 ภาษาอังกฤษเพื่อการสื่อสาร, 90304004 การเขียนรายงาน, 90401012 ความรู้เบื้องต้นทางการตลาด, 90401013 ความรู้ทั่วไปเกี่ยวกับธุรกิจ","[{""source_file"": ""DSBA-60.pdf"", ""pdf_page"": 25, ""printed_page"": null}, {""source_file"": ""DSBA.pdf"", ""pdf_page"": 23, ""printed_page"": null}, {""source_file"": ""DSBA-60.pdf"", ""pdf_page"": 26, ""printed_page"": null}, {""source_file"": ""DSBA-60.pdf"", ""pdf_page"": 27, ""printed_page"": null}, {""source_file"": ""DSBA-60.pdf"", ""pdf_page"": 28, ""printed_page"": null}, {""source_file"": ""DSBA-60.pdf"", ""pdf_page"": 29, ""printed_page"": null}]",1515.47,True,200,,"Imported code-set calculation, not full-book or semantic equivalence accuracy"
L3-db-set-replay,IT-coop,L3-3,หลักสูตร IT แผนสหกิจ วิชาใดมีในหลักสูตรเดิม แต่ไม่มีในหลักสูตรฉบับปรับปรุง,"รายวิชาที่มีในฉบับ 2560 แต่ไม่มีในฉบับ 2565 — แผนสหกิจ: 06016301 พื้นฐานทางด้านเทคโนโลยีสารสนเทศ, 06016302 คณิตศาสตร์สำหรับเทคโนโลยีสารสนเทศ, 06016303 คณิตศาสตร์ไม่ต่อเนื่อง, 06016304 ความน่าจะเป็นและสถิติ, 06016305 ระบบสารสนเทศเพื่อการจัดการ, 06016306 การวิเคราะห์และออกแบบระบบสารสนเทศ, 06016307 การบริหารโครงการเทคโนโลยีสารสนเทศ, 06016308 แนวคิดระบบฐานข้อมูล, 06016309 ความมั่นคงของระบบสารสนเทศและกฎหมายไอที, 06016310 การออกแบบส่วนต่อประสานกับมนุษย์, 06016311 เทคโนโลยีสื่อประสม, 06016312 เทคโนโลยีเว็บ, 06016313 เครือข่ายคอมพิวเตอร์เบื้องต้น, 06016314 การแก้ปัญหาทางด้านเทคโนโลยีสารสนเทศ, 06016315 การสร้างโปรแกรมคอมพิวเตอร์, 06016316 โครงสร้างข้อมูลและอัลกอริทึม, 06016317 การสร้างโปรแกรมเชิงอ็อบเจกต์, 06016318 สัมมนาทางด้านทักษะการสื่อสารในวิชาชีพ, 06016319 ระบบคอมพิวเตอร์เบื้องต้น, 06016320 โครงสร้างระบบคอมพิวเตอร์และระบบปฏิบัติการ, 06016321 วิศวกรรมซอฟต์แวร์, 06016322 การสร้างโปรแกรมเว็บ, 06016323 การโปรแกรมอุปกรณ์เคลื่อนที่, 06016324 วิศวกรรมความต้องการ, 06016325 การโปรแกรมเชิงบริการ, 06016326 การทวนสอบและตรวจสอบซอฟต์แวร์, 06016327 การพัฒนาคลาวด์แอปพลิเคชันระดับองค์กร, 06016328 เครื่องมือและสภาพแวดล้อมสำหรับการพัฒนาซอฟต์แวร์, 06016331 เครือข่ายคอมพิวเตอร์ภาคปฏิบัติ, 06016332 การเชื่อมต่อเครือข่ายสื่อสาร, 06016333 เทคโนโลยีการให้บริการอินเตอร์เน็ต, 06016334 เทคโนโลยีเครือข่ายไร้สาย, 06016335 เทคโนโลยีกลุ่มเมฆเบื้องต้น, 06016336 การจัดการเครือข่ายและโครงสร้างพื้นฐานเทคโนโลยีสารสนเทศ, 06016337 ประสิทธิภาพเครือข่าย, 06016338 การออกแบบเครือข่ายเบื้องต้น, 06016341 การโปรแกรมสื่อประสม, 06016342 คอมพิวเตอร์กราฟิกส์และแอนิเมชัน, 06016343 การออกแบบและพัฒนาเกม, 06016344 หลักการออกแบบกราฟิกส์, 06016345 คอมพิวเตอร์แอนิเมชันสามมิติ, 06016346 การออกแบบและพัฒนาเว็บ, 06016347 พื้นฐานการเล่าเรื่องและถ่ายภาพยนตร์ดิจิทัล, 06016348 การพัฒนาเกมขั้นสูง, 06016393 สหกิจศึกษาทางด้านวิศวกรรมซอฟต์แวร์, 06016394 สหกิจศึกษาต่างประเทศทางด้านวิศวกรรมซอฟต์แวร์, 06016395 สหกิจศึกษาทางด้านการเทคโนโลยีเครือข่ายและระบบ, 06016396 สหกิจศึกษาต่างประเทศทางด้านการเทคโนโลยีเครือข่ายและระบบ, 06016397 สหกิจศึกษาทางด้านการพัฒนาสื่อประสมและเกม, 06016398 สหกิจศึกษาต่างประเทศทางด้านการพัฒนาสื่อประสมและเกม, 90101007 คณิตเศรษฐศาสตร์เบื้องต้น, 90201001 ภาษาอังกฤษพื้นฐาน 1, 90201002 ภาษาอังกฤษพื้นฐาน 2, 90201012 การพัฒนาทักษะการอ่านและเขียนภาษาอังกฤษ, 90201026 ภาษาอังกฤษเพื่อการสื่อสาร, 90304004 การเขียนรายงาน, 90401011 การประกอบการ, 90401013 ความรู้ทั่วไปเกี่ยวกับธุรกิจ","[{""source_file"": ""IT-60.pdf"", ""pdf_page"": 34, ""printed_page"": null}, {""source_file"": ""IT.pdf"", ""pdf_page"": 38, ""printed_page"": null}, {""source_file"": ""IT-60.pdf"", ""pdf_page"": 35, ""printed_page"": null}, {""source_file"": ""IT-60.pdf"", ""pdf_page"": 36, ""printed_page"": null}, {""source_file"": ""IT-60.pdf"", ""pdf_page"": 38, ""printed_page"": null}, {""source_file"": ""IT-60.pdf"", ""pdf_page"": 37, ""printed_page"": null}, {""source_file"": ""IT-60.pdf"", ""pdf_page"": 39, ""printed_page"": null}, {""source_file"": ""IT-60.pdf"", ""pdf_page"": 40, ""printed_page"": null}]",1364.05,True,200,,"Imported code-set calculation, not full-book or semantic equivalence accuracy"
L3-db-set-replay,IT-no-coop,L3-4,หลักสูตร IT แผนไม่เข้าร่วมสหกิจ วิชาใดมีในหลักสูตรเดิม แต่ไม่มีในหลักสูตรฉบับปรับปรุง,"รายวิชาที่มีในฉบับ 2560 แต่ไม่มีในฉบับ 2565 — แผนไม่สหกิจ: 06016301 พื้นฐานทางด้านเทคโนโลยีสารสนเทศ, 06016302 คณิตศาสตร์สำหรับเทคโนโลยีสารสนเทศ, 06016303 คณิตศาสตร์ไม่ต่อเนื่อง, 06016304 ความน่าจะเป็นและสถิติ, 06016305 ระบบสารสนเทศเพื่อการจัดการ, 06016306 การวิเคราะห์และออกแบบระบบสารสนเทศ, 06016307 การบริหารโครงการเทคโนโลยีสารสนเทศ, 06016308 แนวคิดระบบฐานข้อมูล, 06016309 ความมั่นคงของระบบสารสนเทศและกฎหมายไอที, 06016310 การออกแบบส่วนต่อประสานกับมนุษย์, 06016311 เทคโนโลยีสื่อประสม, 06016312 เทคโนโลยีเว็บ, 06016313 เครือข่ายคอมพิวเตอร์เบื้องต้น, 06016314 การแก้ปัญหาทางด้านเทคโนโลยีสารสนเทศ, 06016315 การสร้างโปรแกรมคอมพิวเตอร์, 06016316 โครงสร้างข้อมูลและอัลกอริทึม, 06016317 การสร้างโปรแกรมเชิงอ็อบเจกต์, 06016318 สัมมนาทางด้านทักษะการสื่อสารในวิชาชีพ, 06016319 ระบบคอมพิวเตอร์เบื้องต้น, 06016320 โครงสร้างระบบคอมพิวเตอร์และระบบปฏิบัติการ, 06016321 วิศวกรรมซอฟต์แวร์, 06016322 การสร้างโปรแกรมเว็บ, 06016323 การโปรแกรมอุปกรณ์เคลื่อนที่, 06016324 วิศวกรรมความต้องการ, 06016325 การโปรแกรมเชิงบริการ, 06016326 การทวนสอบและตรวจสอบซอฟต์แวร์, 06016327 การพัฒนาคลาวด์แอปพลิเคชันระดับองค์กร, 06016328 เครื่องมือและสภาพแวดล้อมสำหรับการพัฒนาซอฟต์แวร์, 06016329 โครงงานทางด้านวิศวกรรมซอฟต์แวร์ 1, 06016330 โครงงานทางด้านวิศวกรรมซอฟต์แวร์ 2, 06016331 เครือข่ายคอมพิวเตอร์ภาคปฏิบัติ, 06016332 การเชื่อมต่อเครือข่ายสื่อสาร, 06016333 เทคโนโลยีการให้บริการอินเตอร์เน็ต, 06016334 เทคโนโลยีเครือข่ายไร้สาย, 06016335 เทคโนโลยีกลุ่มเมฆเบื้องต้น, 06016336 การจัดการเครือข่ายและโครงสร้างพื้นฐานเทคโนโลยีสารสนเทศ, 06016337 ประสิทธิภาพเครือข่าย, 06016338 การออกแบบเครือข่ายเบื้องต้น, 06016339 โครงงานทางด้านเทคโนโลยีเครือข่ายและระบบ 1, 06016340 โครงงานทางด้านเทคโนโลยีเครือข่ายและระบบ 2, 06016341 การโปรแกรมสื่อประสม, 06016342 คอมพิวเตอร์กราฟิกส์และแอนิเมชัน, 06016343 การออกแบบและพัฒนาเกม, 06016344 หลักการออกแบบกราฟิกส์, 06016345 คอมพิวเตอร์แอนิเมชันสามมิติ, 06016346 การออกแบบและพัฒนาเว็บ, 06016347 พื้นฐานการเล่าเรื่องและถ่ายภาพยนตร์ดิจิทัล, 06016348 การพัฒนาเกมขั้นสูง, 06016349 โครงงานทางด้านการพัฒนาสื่อประสมและเกม 1, 06016350 โครงงานทางด้านการพัฒนาสื่อประสมและเกม 2, 90101007 คณิตเศรษฐศาสตร์เบื้องต้น, 90201001 ภาษาอังกฤษพื้นฐาน 1, 90201002 ภาษาอังกฤษพื้นฐาน 2, 90201012 การพัฒนาทักษะการอ่านและเขียนภาษาอังกฤษ, 90201026 ภาษาอังกฤษเพื่อการสื่อสาร, 90304004 การเขียนรายงาน, 90401011 การประกอบการ, 90401013 ความรู้ทั่วไปเกี่ยวกับธุรกิจ","[{""source_file"": ""IT-60.pdf"", ""pdf_page"": 27, ""printed_page"": null}, {""source_file"": ""IT.pdf"", ""pdf_page"": 31, ""printed_page"": null}, {""source_file"": ""IT-60.pdf"", ""pdf_page"": 28, ""printed_page"": null}, {""source_file"": ""IT-60.pdf"", ""pdf_page"": 29, ""printed_page"": null}, {""source_file"": ""IT-60.pdf"", ""pdf_page"": 31, ""printed_page"": null}, {""source_file"": ""IT-60.pdf"", ""pdf_page"": 30, ""printed_page"": null}, {""source_file"": ""IT-60.pdf"", ""pdf_page"": 32, ""printed_page"": null}, {""source_file"": ""IT-60.pdf"", ""pdf_page"": 33, ""printed_page"": null}]",1417.23,True,200,,"Imported code-set calculation, not full-book or semantic equivalence accuracy"
L3-db-set-replay,BIT-coop,L3-5,หลักสูตร BIT แผนสหกิจ วิชาใดมีในหลักสูตรเดิม แต่ไม่มีในหลักสูตรฉบับปรับปรุง,"รายวิชาที่มีในฉบับ 2560 แต่ไม่มีในฉบับ 2565 — แผนสหกิจ: 06036001 พื้นฐานทางด้านเทคโนโลยีสารสนเทศ, 06036002 คณิตศาสตร์สำหรับเทคโนโลยีสารสนเทศ, 06036003 ความน่าจะเป็นและสถิติ, 06036004 องค์กรและการจัดการ, 06036005 บัญชีการเงิน, 06036006 ระบบสารสนเทศเพื่อการจัดการ, 06036007 การบริหารโครงการเทคโนโลยีสารสนเทศ, 06036008 เทคโนโลยีธุรกิจดิจิทัล, 06036009 เศรษฐศาสตร์เทคโนโลยีสารสนเทศ, 06036010 กระบวนการธุรกิจและการวางแผนทรัพยากรองค์กร, 06036011 แนวคิดระบบฐานข้อมูล, 06036012 การออกแบบส่วนต่อประสานกับมนุษย์, 06036013 เว็บและเทคโนโลยีสื่อประสม, 06036014 ความมั่นคงของระบบสารสนเทศและกฎหมายไอที, 06036015 การทำการตลาดดิจิทัล, 06036016 ธุรกิจอัจฉริยะและข้อมูลขนาดใหญ่, 06036017 ระบบที่ใช้ทั้งองค์กร, 06036018 สื่อสังคม และเครือข่ายสังคม, 06036021 การแก้ปัญหาทางด้านเทคโนโลยีสารสนเทศ, 06036022 การสร้างโปรแกรมคอมพิวเตอร์, 06036023 พื้นฐานของโครงสร้างข้อมูลและอัลกอริทึม, 06036024 การวิเคราะห์และออกแบบระบบสารสนเทศทางธุรกิจ, 06036025 เทคโนโลยีเชิงอ็อบเจกต์, 06036026 การพัฒนาโปรแกรมประยุกต์บนอุปกรณ์เคลื่อนที่, 06036027 โครงสร้างระบบคอมพิวเตอร์และระบบปฏิบัติการ, 06036028 เครือข่ายคอมพิวเตอร์เบื้องต้น, 06036046 สหกิจศึกษา, 06036047 สหกิจศึกษาต่างประเทศ, 06036081 ภาษาอังกฤษพื้นฐาน 1, 06036082 ภาษาอังกฤษพื้นฐาน 2, 06036083 การพัฒนาทักษะการอ่านและเขียนภาษาอังกฤษ, 06036084 ภาษาอังกฤษเพื่อการนำเสนอผลงานทางวิชาชีพ, 06036085 คณิตเศรษฐศาสตร์เบื้องต้น, 06036086 หลักปรัชญาแห่งวิทยาศาสตร์, 06036087 การเขียนรายงาน, 06036088 การคิดอย่างสร้างสรรค์, 06036089 การประกอบการ, 06036090 ความรู้ทั่วไปเกี่ยวกับธุรกิจ","[{""source_file"": ""BIT-60.pdf"", ""pdf_page"": 27, ""printed_page"": null}, {""source_file"": ""BIT-65.pdf"", ""pdf_page"": 31, ""printed_page"": null}, {""source_file"": ""BIT-60.pdf"", ""pdf_page"": 28, ""printed_page"": null}, {""source_file"": ""BIT-60.pdf"", ""pdf_page"": 29, ""printed_page"": null}, {""source_file"": ""BIT-60.pdf"", ""pdf_page"": 30, ""printed_page"": null}]",1502.59,True,200,,"Imported code-set calculation, not full-book or semantic equivalence accuracy"
L3-db-set-replay,BIT-no-coop,L3-6,หลักสูตร BIT แผนไม่เข้าร่วมสหกิจ วิชาใดมีในหลักสูตรเดิม แต่ไม่มีในหลักสูตรฉบับปรับปรุง,"รายวิชาที่มีในฉบับ 2560 แต่ไม่มีในฉบับ 2565 — แผนไม่สหกิจ: 06036001 พื้นฐานทางด้านเทคโนโลยีสารสนเทศ, 06036002 คณิตศาสตร์สำหรับเทคโนโลยีสารสนเทศ, 06036003 ความน่าจะเป็นและสถิติ, 06036004 องค์กรและการจัดการ, 06036005 บัญชีการเงิน, 06036006 ระบบสารสนเทศเพื่อการจัดการ, 06036007 การบริหารโครงการเทคโนโลยีสารสนเทศ, 06036008 เทคโนโลยีธุรกิจดิจิทัล, 06036009 เศรษฐศาสตร์เทคโนโลยีสารสนเทศ, 06036010 กระบวนการธุรกิจและการวางแผนทรัพยากรองค์กร, 06036011 แนวคิดระบบฐานข้อมูล, 06036012 การออกแบบส่วนต่อประสานกับมนุษย์, 06036013 เว็บและเทคโนโลยีสื่อประสม, 06036014 ความมั่นคงของระบบสารสนเทศและกฎหมายไอที, 06036015 การทำการตลาดดิจิทัล, 06036016 ธุรกิจอัจฉริยะและข้อมูลขนาดใหญ่, 06036017 ระบบที่ใช้ทั้งองค์กร, 06036018 สื่อสังคมและเครือข่ายสังคม, 06036019 โครงงาน 1, 06036020 โครงงาน 2, 06036021 การแก้ปัญหาทางด้านเทคโนโลยีสารสนเทศ, 06036022 การสร้างโปรแกรมคอมพิวเตอร์, 06036023 พื้นฐานของโครงสร้างข้อมูลและอัลกอริทึม, 06036024 การวิเคราะห์และออกแบบระบบสารสนเทศทางธุรกิจ, 06036025 เทคโนโลยีเชิงอ็อบเจกต์, 06036026 การพัฒนาโปรแกรมประยุกต์บนอุปกรณ์เคลื่อนที่, 06036027 โครงสร้างระบบคอมพิวเตอร์และระบบปฏิบัติการ, 06036028 เครือข่ายคอมพิวเตอร์เบื้องต้น, 06036081 ภาษาอังกฤษพื้นฐาน 1, 06036082 ภาษาอังกฤษพื้นฐาน 2, 06036083 การพัฒนาทักษะการอ่านและเขียนภาษาอังกฤษ, 06036084 ภาษาอังกฤษเพื่อการนำเสนอผลงานทางวิชาชีพ, 06036085 คณิตเศรษฐศาสตร์เบื้องต้น, 06036086 หลักปรัชญาแห่งวิทยาศาสตร์, 06036087 การเขียนรายงาน, 06036088 การคิดอย่างสร้างสรรค์, 06036089 การประกอบการ, 06036090 ความรู้ทั่วไปเกี่ยวกับธุรกิจ","[{""source_file"": ""BIT-60.pdf"", ""pdf_page"": 23, ""printed_page"": null}, {""source_file"": ""BIT-65.pdf"", ""pdf_page"": 26, ""printed_page"": null}, {""source_file"": ""BIT-60.pdf"", ""pdf_page"": 24, ""printed_page"": null}, {""source_file"": ""BIT-60.pdf"", ""pdf_page"": 25, ""printed_page"": null}, {""source_file"": ""BIT-60.pdf"", ""pdf_page"": 26, ""printed_page"": null}]",1507.99,True,200,,"Imported code-set calculation, not full-book or semantic equivalence accuracy"
